G,0,21200501,0.0
G,0,21200502,0.0
G,0,21200503,0.0
G,0,21200504,0.0
G,0,21200505,0.0
G,0,21200506,0.0
G,0,21200507,0.0
G,0,21200508,0.0
G,0,21200509,0.0
G,0,21200510,0.0
G,0,21200511,0.0
G,0,21200512,0.0
G,0,21200513,0.0
G,0,21200514,0.0
G,0,21200515,0.0
G,0,21200516,0.0
G,0,21200517,0.0
G,0,21200518,0.0
G,0,21200519,0.0
G,0,21200520,0.0
G,0,21200521,0.0
G,0,21200522,0.0
G,0,21200523,0.0
G,0,21200524,0.0
G,0,21200525,1.0986122886681098
G,0,21200526,0.0
G,0,21200527,0.0
G,0,21200528,0.0
G,0,21200529,1.6094379124341003
G,0,21200530,1.0986122886681098
G,0,21200531,2.302585092994046
G,0,21200601,3.044522437723423
G,0,21200602,2.302585092994046
G,0,21200603,3.044522437723423
G,0,21200604,3.8066624897703196
G,0,21200605,3.2188758248682006
G,0,21200606,2.9444389791664403
G,0,21200607,3.091042453358316
G,0,21200608,3.58351893845611
G,0,21200609,3.8918202981106265
G,0,21200610,4.127134385045092
G,0,21200611,4.204692619390966
G,0,21200612,4.394449154672439
G,0,21200613,4.727387818712341
G,0,21200614,4.5217885770490405
G,0,21200615,4.820281565605037
G,0,21200616,5.087596335232384
G,0,21200617,4.68213122712422
G,0,21200618,4.897839799950911
G,0,21200619,4.882801922586371
G,0,21200620,4.634728988229636
G,0,21200621,4.553876891600541
G,0,21200622,4.804021044733257
G,0,21200623,4.912654885736052
G,0,21200624,4.919980925828125
G,0,21200625,4.927253685157205
G,0,21200626,4.9344739331306915
G,0,21200627,4.454347296253507
G,0,21200628,4.605170185988092
G,0,21200629,4.574710978503383
G,1,21200501,0.0
G,1,21200502,0.0
G,1,21200503,0.0
G,1,21200504,0.0
G,1,21200505,0.0
G,1,21200506,0.0
G,1,21200507,0.0
G,1,21200508,0.0
G,1,21200509,0.0
G,1,21200510,0.0
G,1,21200511,0.0
G,1,21200512,0.0
G,1,21200513,0.0
G,1,21200514,0.0
G,1,21200515,0.0
G,1,21200516,0.0
G,1,21200517,0.0
G,1,21200518,0.0
G,1,21200519,0.0
G,1,21200520,0.0
G,1,21200521,0.0
G,1,21200522,0.0
G,1,21200523,0.0
G,1,21200524,0.0
G,1,21200525,0.0
G,1,21200526,0.0
G,1,21200527,0.0
G,1,21200528,0.6931471805599453
G,1,21200529,0.0
G,1,21200530,1.6094379124341003
G,1,21200531,0.6931471805599453
G,1,21200601,1.791759469228055
G,1,21200602,2.302585092994046
G,1,21200603,2.833213344056216
G,1,21200604,2.4849066497880004
G,1,21200605,3.367295829986474
G,1,21200606,3.258096538021482
G,1,21200607,3.2188758248682006
G,1,21200608,2.9444389791664403
G,1,21200609,2.6390573296152584
G,1,21200610,2.8903717578961645
G,1,21200611,3.2188758248682006
G,1,21200612,2.9444389791664403
G,1,21200613,3.7376696182833684
G,1,21200614,3.4339872044851463
G,1,21200615,3.295836866004329
G,1,21200616,3.1780538303479458
G,1,21200617,3.7376696182833684
G,1,21200618,3.091042453358316
G,1,21200619,3.7612001156935624
G,1,21200620,3.5553480614894135
G,1,21200621,3.295836866004329
G,1,21200622,3.258096538021482
G,1,21200623,3.912023005428146
G,1,21200624,3.8501476017100584
G,1,21200625,3.784189633918261
G,1,21200626,3.713572066704308
G,1,21200627,3.4657359027997265
G,1,21200628,3.1354942159291497
G,1,21200629,3.332204510175204
G,2,21200501,0.0
G,2,21200502,0.0
G,2,21200503,0.0
G,2,21200504,0.0
G,2,21200505,0.0
G,2,21200506,0.0
G,2,21200507,0.0
G,2,21200508,0.0
G,2,21200509,0.0
G,2,21200510,0.0
G,2,21200511,0.0
G,2,21200512,0.0
G,2,21200513,0.0
G,2,21200514,0.0
G,2,21200515,0.0
G,2,21200516,0.0
G,2,21200517,0.0
G,2,21200518,0.0
G,2,21200519,0.0
G,2,21200520,0.0
G,2,21200521,0.0
G,2,21200522,0.0
G,2,21200523,0.0
G,2,21200524,0.0
G,2,21200525,0.0
G,2,21200526,0.0
G,2,21200527,0.0
G,2,21200528,0.0
G,2,21200529,0.0
G,2,21200530,0.0
G,2,21200531,0.6931471805599453
G,2,21200601,1.3862943611198906
G,2,21200602,2.70805020110221
G,2,21200603,3.912023005428146
G,2,21200604,2.70805020110221
G,2,21200605,2.8903717578961645
G,2,21200606,3.258096538021482
G,2,21200607,2.6390573296152584
G,2,21200608,2.5649493574615367
G,2,21200609,2.6390573296152584
G,2,21200610,2.995732273553991
G,2,21200611,1.9459101490553132
G,2,21200612,3.4657359027997265
G,2,21200613,3.5263605246161616
G,2,21200614,2.6390573296152584
G,2,21200615,3.2188758248682006
G,2,21200616,3.58351893845611
G,2,21200617,3.4965075614664802
G,2,21200618,3.332204510175204
G,2,21200619,3.1780538303479458
G,2,21200620,3.4339872044851463
G,2,21200621,3.9318256327243257
G,2,21200622,2.8903717578961645
G,2,21200623,3.295836866004329
G,2,21200624,3.8501476017100584
G,2,21200625,3.5263605246161616
G,2,21200626,3.044522437723423
G,2,21200627,3.7376696182833684
G,2,21200628,3.1780538303479458
G,2,21200629,3.5263605246161616
G,3,21200501,0.0
G,3,21200502,0.0
G,3,21200503,0.0
G,3,21200504,0.0
G,3,21200505,0.0
G,3,21200506,0.0
G,3,21200507,0.0
G,3,21200508,0.0
G,3,21200509,0.0
G,3,21200510,0.0
G,3,21200511,0.0
G,3,21200512,0.0
G,3,21200513,0.0
G,3,21200514,0.0
G,3,21200515,0.0
G,3,21200516,0.0
G,3,21200517,0.0
G,3,21200518,0.0
G,3,21200519,0.0
G,3,21200520,0.0
G,3,21200521,0.0
G,3,21200522,0.0
G,3,21200523,0.0
G,3,21200524,0.0
G,3,21200525,0.0
G,3,21200526,0.0
G,3,21200527,0.0
G,3,21200528,0.0
G,3,21200529,0.0
G,3,21200530,1.6094379124341003
G,3,21200531,2.9444389791664403
G,3,21200601,3.4011973816621555
G,3,21200602,3.912023005428146
G,3,21200603,4.189654742026425
G,3,21200604,3.871201010907891
G,3,21200605,4.174387269895637
G,3,21200606,4.007333185232471
G,3,21200607,4.343805421853684
G,3,21200608,4.477336814478207
G,3,21200609,4.718498871295094
G,3,21200610,5.030437921392435
G,3,21200611,4.9344739331306915
G,3,21200612,5.455321115357702
G,3,21200613,5.43372200355424
G,3,21200614,5.627621113690637
G,3,21200615,5.75890177387728
G,3,21200616,5.860786223465865
G,3,21200617,5.860786223465865
G,3,21200618,5.981414211254481
G,3,21200619,5.82600010738045
G,3,21200620,5.583496308781699
G,3,21200621,5.8944028342648505
G,3,21200622,5.963579343618446
G,3,21200623,5.921578419643816
G,3,21200624,5.996452088619021
G,3,21200625,5.991464547107982
G,3,21200626,5.983936280687191
G,3,21200627,5.736572297479192
G,3,21200628,5.723585101952381
G,3,21200629,5.736572297479192
G,4,21200501,0.0
G,4,21200502,0.0
G,4,21200503,0.0
G,4,21200504,0.0
G,4,21200505,0.0
G,4,21200506,0.0
G,4,21200507,0.0
G,4,21200508,0.0
G,4,21200509,0.0
G,4,21200510,0.0
G,4,21200511,0.0
G,4,21200512,0.0
G,4,21200513,0.0
G,4,21200514,0.0
G,4,21200515,0.0
G,4,21200516,0.0
G,4,21200517,0.0
G,4,21200518,0.0
G,4,21200519,0.0
G,4,21200520,0.0
G,4,21200521,0.0
G,4,21200522,0.0
G,4,21200523,1.3862943611198906
G,4,21200524,0.6931471805599453
G,4,21200525,0.0
G,4,21200526,1.6094379124341003
G,4,21200527,1.6094379124341003
G,4,21200528,2.9444389791664403
G,4,21200529,1.9459101490553132
G,4,21200530,1.0986122886681098
G,4,21200531,2.4849066497880004
G,4,21200601,2.70805020110221
G,4,21200602,2.772588722239781
G,4,21200603,2.833213344056216
G,4,21200604,0.0
G,4,21200605,2.4849066497880004
G,4,21200606,1.0986122886681098
G,4,21200607,1.0986122886681098
G,4,21200608,2.6390573296152584
G,4,21200609,2.1972245773362196
G,4,21200610,2.3978952727983707
G,4,21200611,3.2188758248682006
G,4,21200612,2.0794415416798357
G,4,21200613,2.5649493574615367
G,4,21200614,2.5649493574615367
G,4,21200615,2.833213344056216
G,4,21200616,3.1354942159291497
G,4,21200617,2.3978952727983707
G,4,21200618,3.1354942159291497
G,4,21200619,3.2188758248682006
G,4,21200620,3.4657359027997265
G,4,21200621,3.6375861597263857
G,4,21200622,3.912023005428146
G,4,21200623,4.07753744390572
G,4,21200624,4.143134726391533
G,4,21200625,4.174387269895637
G,4,21200626,4.219507705176107
G,4,21200627,4.248495242049359
G,4,21200628,4.02535169073515
G,4,21200629,4.1588830833596715
G,5,21200501,0.0
G,5,21200502,0.0
G,5,21200503,0.0
G,5,21200504,0.0
G,5,21200505,0.0
G,5,21200506,0.0
G,5,21200507,0.0
G,5,21200508,0.0
G,5,21200509,0.0
G,5,21200510,0.0
G,5,21200511,0.0
G,5,21200512,0.0
G,5,21200513,0.0
G,5,21200514,0.0
G,5,21200515,0.0
G,5,21200516,0.0
G,5,21200517,0.0
G,5,21200518,0.0
G,5,21200519,0.0
G,5,21200520,0.0
G,5,21200521,0.0
G,5,21200522,0.0
G,5,21200523,0.0
G,5,21200524,0.0
G,5,21200525,0.0
G,5,21200526,0.0
G,5,21200527,0.0
G,5,21200528,0.0
G,5,21200529,1.3862943611198906
G,5,21200530,0.0
G,5,21200531,1.791759469228055
G,5,21200601,0.0
G,5,21200602,0.0
G,5,21200603,1.6094379124341003
G,5,21200604,1.791759469228055
G,5,21200605,0.6931471805599453
G,5,21200606,1.6094379124341003
G,5,21200607,2.0794415416798357
G,5,21200608,2.0794415416798357
G,5,21200609,2.1972245773362196
G,5,21200610,1.3862943611198906
G,5,21200611,2.302585092994046
G,5,21200612,1.0986122886681098
G,5,21200613,1.0986122886681098
G,5,21200614,2.70805020110221
G,5,21200615,2.3978952727983707
G,5,21200616,1.791759469228055
G,5,21200617,1.3862943611198906
G,5,21200618,2.0794415416798357
G,5,21200619,1.791759469228055
G,5,21200620,1.9459101490553132
G,5,21200621,2.302585092994046
G,5,21200622,2.302585092994046
G,5,21200623,2.9444389791664403
G,5,21200624,3.2188758248682006
G,5,21200625,3.258096538021482
G,5,21200626,3.295836866004329
G,5,21200627,2.772588722239781
G,5,21200628,2.8903717578961645
G,5,21200629,3.367295829986474
G,6,21200501,0.0
G,6,21200502,0.0
G,6,21200503,0.0
G,6,21200504,0.0
G,6,21200505,0.0
G,6,21200506,0.0
G,6,21200507,0.0
G,6,21200508,0.0
G,6,21200509,0.0
G,6,21200510,0.0
G,6,21200511,0.0
G,6,21200512,0.0
G,6,21200513,0.0
G,6,21200514,0.0
G,6,21200515,0.0
G,6,21200516,0.0
G,6,21200517,0.0
G,6,21200518,0.0
G,6,21200519,0.0
G,6,21200520,0.0
G,6,21200521,0.0
G,6,21200522,0.0
G,6,21200523,0.0
G,6,21200524,0.0
G,6,21200525,0.0
G,6,21200526,0.0
G,6,21200527,0.0
G,6,21200528,0.0
G,6,21200529,0.0
G,6,21200530,0.0
G,6,21200531,1.0986122886681098
G,6,21200601,0.6931471805599453
G,6,21200602,1.0986122886681098
G,6,21200603,2.0794415416798357
G,6,21200604,2.833213344056216
G,6,21200605,3.58351893845611
G,6,21200606,2.8903717578961645
G,6,21200607,3.7612001156935624
G,6,21200608,3.6888794541139363
G,6,21200609,4.248495242049359
G,6,21200610,3.713572066704308
G,6,21200611,4.532599493153256
G,6,21200612,4.430816798843313
G,6,21200613,4.7535901911063645
G,6,21200614,5.062595033026967
G,6,21200615,5.1298987149230735
G,6,21200616,5.181783550292085
G,6,21200617,5.187385805840755
G,6,21200618,5.1647859739235145
G,6,21200619,4.844187086458591
G,6,21200620,4.919980925828125
G,6,21200621,4.859812404361672
G,6,21200622,5.14166355650266
G,6,21200623,5.056245805348308
G,6,21200624,5.147494476813453
G,6,21200625,4.976733742420574
G,6,21200626,4.663439094112067
G,6,21200627,4.882801922586371
G,6,21200628,4.61512051684126
G,6,21200629,4.418840607796598
G,7,21200501,0.0
G,7,21200502,0.0
G,7,21200503,0.0
G,7,21200504,0.0
G,7,21200505,0.0
G,7,21200506,0.0
G,7,21200507,0.0
G,7,21200508,0.0
G,7,21200509,0.0
G,7,21200510,0.0
G,7,21200511,0.0
G,7,21200512,0.0
G,7,21200513,0.0
G,7,21200514,0.0
G,7,21200515,0.0
G,7,21200516,0.0
G,7,21200517,0.0
G,7,21200518,0.0
G,7,21200519,0.0
G,7,21200520,0.0
G,7,21200521,0.0
G,7,21200522,0.0
G,7,21200523,0.0
G,7,21200524,0.0
G,7,21200525,0.0
G,7,21200526,0.0
G,7,21200527,0.0
G,7,21200528,0.0
G,7,21200529,0.6931471805599453
G,7,21200530,1.3862943611198906
G,7,21200531,0.6931471805599453
G,7,21200601,1.3862943611198906
G,7,21200602,1.791759469228055
G,7,21200603,2.302585092994046
G,7,21200604,2.833213344056216
G,7,21200605,3.044522437723423
G,7,21200606,3.295836866004329
G,7,21200607,3.5263605246161616
G,7,21200608,3.8501476017100584
G,7,21200609,3.9889840465642745
G,7,21200610,4.04305126783455
G,7,21200611,4.0943445622221
G,7,21200612,4.6443908991413725
G,7,21200613,4.919980925828125
G,7,21200614,5.075173815233827
G,7,21200615,4.955827057601261
G,7,21200616,4.867534450455582
G,7,21200617,5.099866427824199
G,7,21200618,5.351858133476067
G,7,21200619,5.198497031265826
G,7,21200620,5.2574953720277815
G,7,21200621,5.298317366548036
G,7,21200622,5.159055299214529
G,7,21200623,5.293304824724492
G,7,21200624,5.5254529391317835
G,7,21200625,5.43372200355424
G,7,21200626,5.3471075307174685
G,7,21200627,5.117993812416755
G,7,21200628,5.0106352940962555
G,7,21200629,4.955827057601261
G,8,21200501,0.0
G,8,21200502,0.0
G,8,21200503,0.0
G,8,21200504,0.0
G,8,21200505,0.0
G,8,21200506,0.0
G,8,21200507,0.0
G,8,21200508,0.0
G,8,21200509,0.0
G,8,21200510,0.0
G,8,21200511,0.0
G,8,21200512,0.0
G,8,21200513,0.0
G,8,21200514,0.0
G,8,21200515,0.0
G,8,21200516,0.0
G,8,21200517,0.0
G,8,21200518,0.0
G,8,21200519,0.0
G,8,21200520,0.0
G,8,21200521,0.0
G,8,21200522,0.0
G,8,21200523,1.3862943611198906
G,8,21200524,0.0
G,8,21200525,0.0
G,8,21200526,1.0986122886681098
G,8,21200527,1.0986122886681098
G,8,21200528,1.791759469228055
G,8,21200529,2.3978952727983707
G,8,21200530,2.0794415416798357
G,8,21200531,1.3862943611198906
G,8,21200601,2.5649493574615367
G,8,21200602,3.5263605246161616
G,8,21200603,3.4965075614664802
G,8,21200604,3.6375861597263857
G,8,21200605,3.6375861597263857
G,8,21200606,3.7612001156935624
G,8,21200607,4.07753744390572
G,8,21200608,4.290459441148391
G,8,21200609,4.418840607796598
G,8,21200610,4.31748811353631
G,8,21200611,4.812184355372417
G,8,21200612,5.247024072160486
G,8,21200613,5.1298987149230735
G,8,21200614,5.123963979403259
G,8,21200615,5.288267030694535
G,8,21200616,5.44673737166631
G,8,21200617,5.3981627015177525
G,8,21200618,5.3612921657094255
G,8,21200619,5.356586274672012
G,8,21200620,5.298317366548036
G,8,21200621,5.19295685089021
G,8,21200622,5.298317366548036
G,8,21200623,5.0689042022202315
G,8,21200624,5.278114659230517
G,8,21200625,5.204006687076795
G,8,21200626,5.123963979403259
G,8,21200627,5.220355825078324
G,8,21200628,4.762173934797756
G,8,21200629,4.852030263919617
G,9,21200501,0.0
G,9,21200502,0.0
G,9,21200503,0.0
G,9,21200504,0.0
G,9,21200505,0.0
G,9,21200506,0.0
G,9,21200507,0.0
G,9,21200508,0.0
G,9,21200509,0.0
G,9,21200510,0.0
G,9,21200511,0.0
G,9,21200512,0.0
G,9,21200513,0.0
G,9,21200514,0.0
G,9,21200515,0.0
G,9,21200516,0.0
G,9,21200517,0.0
G,9,21200518,0.0
G,9,21200519,0.0
G,9,21200520,0.0
G,9,21200521,0.0
G,9,21200522,0.0
G,9,21200523,0.0
G,9,21200524,1.3862943611198906
G,9,21200525,0.6931471805599453
G,9,21200526,0.0
G,9,21200527,0.0
G,9,21200528,1.6094379124341003
G,9,21200529,2.3978952727983707
G,9,21200530,2.1972245773362196
G,9,21200531,3.4339872044851463
G,9,21200601,4.330733340286331
G,9,21200602,4.59511985013459
G,9,21200603,5.455321115357702
G,9,21200604,5.537334267018537
G,9,21200605,4.727387818712341
G,9,21200606,4.852030263919617
G,9,21200607,4.820281565605037
G,9,21200608,5.267858159063328
G,9,21200609,5.247024072160486
G,9,21200610,5.6240175061873385
G,9,21200611,5.902633333401366
G,9,21200612,5.91350300563827
G,9,21200613,6.037870919922137
G,9,21200614,6.0063531596017325
G,9,21200615,6.16541785423142
G,9,21200616,6.295266001439646
G,9,21200617,6.416732282512326
G,9,21200618,6.210600077024653
G,9,21200619,6.369900982828227
G,9,21200620,6.1224928095143865
G,9,21200621,6.274762021241939
G,9,21200622,6.376726947898627
G,9,21200623,6.161207321695077
G,9,21200624,6.278521424165844
G,9,21200625,6.248042874508429
G,9,21200626,6.20455776256869
G,9,21200627,6.028278520230698
G,9,21200628,5.883322388488279
G,9,21200629,5.961005339623274
G,10,21200501,0.0
G,10,21200502,0.0
G,10,21200503,0.0
G,10,21200504,0.0
G,10,21200505,0.0
G,10,21200506,0.0
G,10,21200507,0.0
G,10,21200508,0.0
G,10,21200509,0.0
G,10,21200510,0.0
G,10,21200511,0.0
G,10,21200512,0.0
G,10,21200513,0.0
G,10,21200514,0.0
G,10,21200515,0.0
G,10,21200516,0.0
G,10,21200517,0.0
G,10,21200518,0.0
G,10,21200519,0.0
G,10,21200520,0.0
G,10,21200521,0.0
G,10,21200522,0.0
G,10,21200523,0.0
G,10,21200524,0.0
G,10,21200525,0.0
G,10,21200526,0.0
G,10,21200527,0.6931471805599453
G,10,21200528,1.3862943611198906
G,10,21200529,0.6931471805599453
G,10,21200530,1.9459101490553132
G,10,21200531,2.3978952727983707
G,10,21200601,3.6888794541139363
G,10,21200602,3.4965075614664802
G,10,21200603,3.871201010907891
G,10,21200604,4.060443010546419
G,10,21200605,4.51085950651685
G,10,21200606,4.07753744390572
G,10,21200607,4.499809670330265
G,10,21200608,4.919980925828125
G,10,21200609,5.204006687076795
G,10,21200610,5.099866427824199
G,10,21200611,5.389071729816501
G,10,21200612,5.6240175061873385
G,10,21200613,5.75890177387728
G,10,21200614,5.805134968916488
G,10,21200615,5.8289456176102075
G,10,21200616,5.8522024797744745
G,10,21200617,5.905361848054571
G,10,21200618,5.7899601708972535
G,10,21200619,5.831882477283517
G,10,21200620,5.541263545158426
G,10,21200621,5.739792912179234
G,10,21200622,5.87493073085203
G,10,21200623,5.726847747587197
G,10,21200624,5.749392985908253
G,10,21200625,5.762051382780177
G,10,21200626,5.786897381366708
G,10,21200627,5.648974238161206
G,10,21200628,5.393627546352362
G,10,21200629,5.247024072160486
G,11,21200501,0.0
G,11,21200502,0.0
G,11,21200503,0.0
G,11,21200504,0.0
G,11,21200505,0.0
G,11,21200506,0.0
G,11,21200507,0.0
G,11,21200508,0.0
G,11,21200509,0.0
G,11,21200510,0.0
G,11,21200511,0.0
G,11,21200512,0.0
G,11,21200513,0.0
G,11,21200514,0.0
G,11,21200515,0.0
G,11,21200516,0.0
G,11,21200517,0.0
G,11,21200518,0.0
G,11,21200519,0.0
G,11,21200520,0.0
G,11,21200521,0.0
G,11,21200522,0.0
G,11,21200523,0.6931471805599453
G,11,21200524,0.0
G,11,21200525,1.6094379124341003
G,11,21200526,0.0
G,11,21200527,0.0
G,11,21200528,1.6094379124341003
G,11,21200529,1.791759469228055
G,11,21200530,3.6109179126442243
G,11,21200531,3.9318256327243257
G,11,21200601,4.343805421853684
G,11,21200602,5.267858159063328
G,11,21200603,5.568344503761097
G,11,21200604,6.16541785423142
G,11,21200605,5.337538079701318
G,11,21200606,4.762173934797756
G,11,21200607,5.556828061699537
G,11,21200608,5.771441123130016
G,11,21200609,6.030685260261263
G,11,21200610,6.214608098422191
G,11,21200611,6.415096959171596
G,11,21200612,6.618738983517219
G,11,21200613,6.660575149839686
G,11,21200614,6.812345094177479
G,11,21200615,6.917705609835305
G,11,21200616,7.024649030453636
G,11,21200617,7.160845906664299
G,11,21200618,6.9726062513017535
G,11,21200619,6.992096427415888
G,11,21200620,6.80903930604298
G,11,21200621,6.951772164398911
G,11,21200622,6.949856455000773
G,11,21200623,6.872128101338986
G,11,21200624,6.887552571664617
G,11,21200625,6.890609120147166
G,11,21200626,6.893656354602635
G,11,21200627,6.675823221634848
G,11,21200628,6.437751649736401
G,11,21200629,6.625392368007956
G,12,21200501,0.0
G,12,21200502,0.0
G,12,21200503,0.0
G,12,21200504,0.0
G,12,21200505,0.0
G,12,21200506,0.0
G,12,21200507,0.0
G,12,21200508,0.0
G,12,21200509,0.0
G,12,21200510,0.0
G,12,21200511,0.0
G,12,21200512,0.0
G,12,21200513,0.0
G,12,21200514,0.0
G,12,21200515,0.0
G,12,21200516,0.0
G,12,21200517,0.0
G,12,21200518,0.0
G,12,21200519,0.0
G,12,21200520,0.0
G,12,21200521,0.0
G,12,21200522,0.0
G,12,21200523,0.0
G,12,21200524,0.0
G,12,21200525,0.0
G,12,21200526,0.0
G,12,21200527,0.0
G,12,21200528,0.0
G,12,21200529,0.6931471805599453
G,12,21200530,0.0
G,12,21200531,0.0
G,12,21200601,2.4849066497880004
G,12,21200602,1.6094379124341003
G,12,21200603,1.6094379124341003
G,12,21200604,3.2188758248682006
G,12,21200605,2.8903717578961645
G,12,21200606,2.833213344056216
G,12,21200607,3.1354942159291497
G,12,21200608,3.912023005428146
G,12,21200609,3.8501476017100584
G,12,21200610,3.713572066704308
G,12,21200611,4.477336814478207
G,12,21200612,4.110873864173311
G,12,21200613,4.465908118654584
G,12,21200614,4.574710978503383
G,12,21200615,4.77912349311153
G,12,21200616,4.919980925828125
G,12,21200617,4.820281565605037
G,12,21200618,4.51085950651685
G,12,21200619,4.709530201312334
G,12,21200620,4.700480365792417
G,12,21200621,4.543294782270004
G,12,21200622,5.0238805208462765
G,12,21200623,4.736198448394496
G,12,21200624,4.859812404361672
G,12,21200625,4.812184355372417
G,12,21200626,4.770684624465665
G,12,21200627,4.61512051684126
G,12,21200628,4.5217885770490405
G,12,21200629,4.418840607796598
G,13,21200501,0.0
G,13,21200502,0.0
G,13,21200503,0.0
G,13,21200504,0.0
G,13,21200505,0.0
G,13,21200506,0.0
G,13,21200507,0.0
G,13,21200508,0.0
G,13,21200509,0.0
G,13,21200510,0.0
G,13,21200511,0.0
G,13,21200512,0.0
G,13,21200513,0.0
G,13,21200514,0.0
G,13,21200515,0.0
G,13,21200516,0.0
G,13,21200517,0.0
G,13,21200518,0.0
G,13,21200519,0.0
G,13,21200520,0.0
G,13,21200521,0.0
G,13,21200522,0.0
G,13,21200523,0.0
G,13,21200524,0.0
G,13,21200525,0.0
G,13,21200526,0.0
G,13,21200527,0.0
G,13,21200528,0.0
G,13,21200529,0.0
G,13,21200530,0.0
G,13,21200531,0.6931471805599453
G,13,21200601,1.0986122886681098
G,13,21200602,0.6931471805599453
G,13,21200603,1.6094379124341003
G,13,21200604,2.5649493574615367
G,13,21200605,3.295836866004329
G,13,21200606,3.295836866004329
G,13,21200607,1.3862943611198906
G,13,21200608,2.5649493574615367
G,13,21200609,2.5649493574615367
G,13,21200610,3.5553480614894135
G,13,21200611,3.6375861597263857
G,13,21200612,4.110873864173311
G,13,21200613,3.713572066704308
G,13,21200614,3.828641396489095
G,13,21200615,3.8501476017100584
G,13,21200616,3.8918202981106265
G,13,21200617,4.007333185232471
G,13,21200618,3.4965075614664802
G,13,21200619,3.5553480614894135
G,13,21200620,3.8066624897703196
G,13,21200621,3.4339872044851463
G,13,21200622,3.58351893845611
G,13,21200623,3.7612001156935624
G,13,21200624,3.4339872044851463
G,13,21200625,3.5553480614894135
G,13,21200626,3.7376696182833684
G,13,21200627,3.258096538021482
G,13,21200628,2.4849066497880004
G,13,21200629,3.091042453358316
G,14,21200501,0.0
G,14,21200502,0.0
G,14,21200503,0.0
G,14,21200504,0.0
G,14,21200505,0.0
G,14,21200506,0.0
G,14,21200507,0.0
G,14,21200508,0.0
G,14,21200509,0.0
G,14,21200510,0.0
G,14,21200511,0.0
G,14,21200512,0.0
G,14,21200513,0.0
G,14,21200514,0.0
G,14,21200515,0.0
G,14,21200516,0.0
G,14,21200517,0.0
G,14,21200518,0.0
G,14,21200519,0.0
G,14,21200520,0.0
G,14,21200521,0.0
G,14,21200522,0.0
G,14,21200523,0.0
G,14,21200524,0.0
G,14,21200525,0.0
G,14,21200526,0.0
G,14,21200527,0.0
G,14,21200528,0.0
G,14,21200529,0.0
G,14,21200530,0.0
G,14,21200531,0.0
G,14,21200601,1.3862943611198906
G,14,21200602,1.0986122886681098
G,14,21200603,1.6094379124341003
G,14,21200604,1.791759469228055
G,14,21200605,2.772588722239781
G,14,21200606,2.9444389791664403
G,14,21200607,2.995732273553991
G,14,21200608,2.9444389791664403
G,14,21200609,2.5649493574615367
G,14,21200610,2.3978952727983707
G,14,21200611,3.258096538021482
G,14,21200612,3.4011973816621555
G,14,21200613,3.4965075614664802
G,14,21200614,3.4657359027997265
G,14,21200615,3.4965075614664802
G,14,21200616,3.58351893845611
G,14,21200617,3.871201010907891
G,14,21200618,3.4339872044851463
G,14,21200619,3.6375861597263857
G,14,21200620,3.5553480614894135
G,14,21200621,3.4339872044851463
G,14,21200622,3.332204510175204
G,14,21200623,3.8501476017100584
G,14,21200624,3.4011973816621555
G,14,21200625,3.4657359027997265
G,14,21200626,3.5263605246161616
G,14,21200627,3.6635616461296463
G,14,21200628,3.784189633918261
G,14,21200629,3.1780538303479458
G,15,21200501,0.0
G,15,21200502,0.0
G,15,21200503,0.0
G,15,21200504,0.0
G,15,21200505,0.0
G,15,21200506,0.0
G,15,21200507,0.0
G,15,21200508,0.0
G,15,21200509,0.0
G,15,21200510,0.0
G,15,21200511,0.0
G,15,21200512,0.0
G,15,21200513,0.0
G,15,21200514,0.0
G,15,21200515,0.0
G,15,21200516,0.0
G,15,21200517,0.0
G,15,21200518,0.0
G,15,21200519,0.0
G,15,21200520,0.0
G,15,21200521,0.0
G,15,21200522,0.0
G,15,21200523,0.0
G,15,21200524,0.0
G,15,21200525,0.0
G,15,21200526,0.0
G,15,21200527,0.0
G,15,21200528,1.0986122886681098
G,15,21200529,0.0
G,15,21200530,0.0
G,15,21200531,2.0794415416798357
G,15,21200601,2.0794415416798357
G,15,21200602,1.6094379124341003
G,15,21200603,2.9444389791664403
G,15,21200604,3.1780538303479458
G,15,21200605,3.295836866004329
G,15,21200606,3.9889840465642745
G,15,21200607,4.219507705176107
G,15,21200608,3.7612001156935624
G,15,21200609,3.7612001156935624
G,15,21200610,3.828641396489095
G,15,21200611,4.007333185232471
G,15,21200612,4.23410650459726
G,15,21200613,4.219507705176107
G,15,21200614,4.532599493153256
G,15,21200615,4.2626798770413155
G,15,21200616,3.8918202981106265
G,15,21200617,3.8918202981106265
G,15,21200618,3.6635616461296463
G,15,21200619,3.8066624897703196
G,15,21200620,3.5263605246161616
G,15,21200621,3.5263605246161616
G,15,21200622,3.2188758248682006
G,15,21200623,3.4657359027997265
G,15,21200624,3.4657359027997265
G,15,21200625,3.367295829986474
G,15,21200626,3.295836866004329
G,15,21200627,3.1780538303479458
G,15,21200628,2.3978952727983707
G,15,21200629,2.4849066497880004
G,16,21200501,0.0
G,16,21200502,0.0
G,16,21200503,0.0
G,16,21200504,0.0
G,16,21200505,0.0
G,16,21200506,0.0
G,16,21200507,0.0
G,16,21200508,0.0
G,16,21200509,0.0
G,16,21200510,0.0
G,16,21200511,0.0
G,16,21200512,0.0
G,16,21200513,0.0
G,16,21200514,0.0
G,16,21200515,0.0
G,16,21200516,0.0
G,16,21200517,0.0
G,16,21200518,0.0
G,16,21200519,0.0
G,16,21200520,0.0
G,16,21200521,0.0
G,16,21200522,0.0
G,16,21200523,0.0
G,16,21200524,0.0
G,16,21200525,0.0
G,16,21200526,0.0
G,16,21200527,0.0
G,16,21200528,0.0
G,16,21200529,0.6931471805599453
G,16,21200530,1.0986122886681098
G,16,21200531,1.3862943611198906
G,16,21200601,1.0986122886681098
G,16,21200602,2.302585092994046
G,16,21200603,3.258096538021482
G,16,21200604,4.007333185232471
G,16,21200605,3.828641396489095
G,16,21200606,3.367295829986474
G,16,21200607,2.5649493574615367
G,16,21200608,2.9444389791664403
G,16,21200609,3.295836866004329
G,16,21200610,2.9444389791664403
G,16,21200611,3.6375861597263857
G,16,21200612,3.6375861597263857
G,16,21200613,3.9512437185814275
G,16,21200614,3.332204510175204
G,16,21200615,3.4339872044851463
G,16,21200616,3.5553480614894135
G,16,21200617,3.5553480614894135
G,16,21200618,3.6109179126442243
G,16,21200619,3.828641396489095
G,16,21200620,3.784189633918261
G,16,21200621,3.4657359027997265
G,16,21200622,3.4965075614664802
G,16,21200623,3.332204510175204
G,16,21200624,3.091042453358316
G,16,21200625,3.2188758248682006
G,16,21200626,3.4339872044851463
G,16,21200627,2.772588722239781
G,16,21200628,2.302585092994046
G,16,21200629,3.1780538303479458
G,17,21200501,0.0
G,17,21200502,0.0
G,17,21200503,0.0
G,17,21200504,0.0
G,17,21200505,0.0
G,17,21200506,0.0
G,17,21200507,0.0
G,17,21200508,0.0
G,17,21200509,0.0
G,17,21200510,0.0
G,17,21200511,0.0
G,17,21200512,0.0
G,17,21200513,0.0
G,17,21200514,0.0
G,17,21200515,0.0
G,17,21200516,0.0
G,17,21200517,0.0
G,17,21200518,1.3862943611198906
G,17,21200519,0.0
G,17,21200520,0.0
G,17,21200521,0.0
G,17,21200522,0.0
G,17,21200523,0.6931471805599453
G,17,21200524,0.0
G,17,21200525,0.6931471805599453
G,17,21200526,1.0986122886681098
G,17,21200527,1.791759469228055
G,17,21200528,0.0
G,17,21200529,2.5649493574615367
G,17,21200530,1.0986122886681098
G,17,21200531,2.833213344056216
G,17,21200601,3.6375861597263857
G,17,21200602,4.74493212836325
G,17,21200603,4.770684624465665
G,17,21200604,4.553876891600541
G,17,21200605,4.0943445622221
G,17,21200606,4.2626798770413155
G,17,21200607,4.418840607796598
G,17,21200608,4.564348191467836
G,17,21200609,4.700480365792417
G,17,21200610,4.897839799950911
G,17,21200611,4.59511985013459
G,17,21200612,4.941642422609304
G,17,21200613,4.955827057601261
G,17,21200614,4.6913478822291435
G,17,21200615,4.927253685157205
G,17,21200616,5.159055299214529
G,17,21200617,5.262690188904886
G,17,21200618,5.147494476813453
G,17,21200619,5.342334251964811
G,17,21200620,5.135798437050262
G,17,21200621,5.159055299214529
G,17,21200622,5.3981627015177525
G,17,21200623,5.262690188904886
G,17,21200624,5.375278407684165
G,17,21200625,5.342334251964811
G,17,21200626,5.298317366548036
G,17,21200627,5.220355825078324
G,17,21200628,5.241747015059643
G,17,21200629,5.147494476813453
G,18,21200501,0.0
G,18,21200502,0.0
G,18,21200503,0.0
G,18,21200504,0.0
G,18,21200505,0.0
G,18,21200506,0.0
G,18,21200507,0.0
G,18,21200508,0.0
G,18,21200509,0.0
G,18,21200510,0.0
G,18,21200511,0.0
G,18,21200512,0.0
G,18,21200513,0.0
G,18,21200514,0.0
G,18,21200515,0.0
G,18,21200516,0.0
G,18,21200517,0.0
G,18,21200518,0.0
G,18,21200519,0.0
G,18,21200520,0.0
G,18,21200521,0.0
G,18,21200522,0.0
G,18,21200523,0.0
G,18,21200524,0.0
G,18,21200525,0.0
G,18,21200526,0.0
G,18,21200527,0.0
G,18,21200528,0.0
G,18,21200529,0.0
G,18,21200530,0.0
G,18,21200531,0.0
G,18,21200601,0.0
G,18,21200602,1.0986122886681098
G,18,21200603,2.0794415416798357
G,18,21200604,3.4657359027997265
G,18,21200605,3.367295829986474
G,18,21200606,2.8903717578961645
G,18,21200607,2.772588722239781
G,18,21200608,2.9444389791664403
G,18,21200609,2.9444389791664403
G,18,21200610,3.367295829986474
G,18,21200611,3.4965075614664802
G,18,21200612,3.7612001156935624
G,18,21200613,4.330733340286331
G,18,21200614,3.9889840465642745
G,18,21200615,4.1588830833596715
G,18,21200616,4.276666119016055
G,18,21200617,3.7612001156935624
G,18,21200618,3.5553480614894135
G,18,21200619,3.7376696182833684
G,18,21200620,4.04305126783455
G,18,21200621,3.9889840465642745
G,18,21200622,3.970291913552122
G,18,21200623,3.8918202981106265
G,18,21200624,4.276666119016055
G,18,21200625,4.0943445622221
G,18,21200626,3.828641396489095
G,18,21200627,3.8501476017100584
G,18,21200628,3.1354942159291497
G,18,21200629,3.1780538303479458
G,19,21200501,0.0
G,19,21200502,0.0
G,19,21200503,0.0
G,19,21200504,0.0
G,19,21200505,0.0
G,19,21200506,0.0
G,19,21200507,0.0
G,19,21200508,0.0
G,19,21200509,0.0
G,19,21200510,0.0
G,19,21200511,0.0
G,19,21200512,0.0
G,19,21200513,0.0
G,19,21200514,0.0
G,19,21200515,0.0
G,19,21200516,0.0
G,19,21200517,0.0
G,19,21200518,0.0
G,19,21200519,0.0
G,19,21200520,0.0
G,19,21200521,0.0
G,19,21200522,0.0
G,19,21200523,0.0
G,19,21200524,0.0
G,19,21200525,0.0
G,19,21200526,0.0
G,19,21200527,0.0
G,19,21200528,0.0
G,19,21200529,0.0
G,19,21200530,1.6094379124341003
G,19,21200531,1.0986122886681098
G,19,21200601,1.3862943611198906
G,19,21200602,2.5649493574615367
G,19,21200603,2.5649493574615367
G,19,21200604,3.6888794541139363
G,19,21200605,3.044522437723423
G,19,21200606,1.0986122886681098
G,19,21200607,2.833213344056216
G,19,21200608,3.2188758248682006
G,19,21200609,3.295836866004329
G,19,21200610,3.044522437723423
G,19,21200611,2.8903717578961645
G,19,21200612,3.044522437723423
G,19,21200613,3.5263605246161616
G,19,21200614,3.5263605246161616
G,19,21200615,3.258096538021482
G,19,21200616,2.8903717578961645
G,19,21200617,3.6635616461296463
G,19,21200618,3.4965075614664802
G,19,21200619,3.5263605246161616
G,19,21200620,2.9444389791664403
G,19,21200621,3.332204510175204
G,19,21200622,3.6888794541139363
G,19,21200623,3.6635616461296463
G,19,21200624,3.6888794541139363
G,19,21200625,3.713572066704308
G,19,21200626,3.7376696182833684
G,19,21200627,3.4965075614664802
G,19,21200628,3.784189633918261
G,19,21200629,3.912023005428146
G,20,21200501,0.0
G,20,21200502,0.0
G,20,21200503,0.0
G,20,21200504,0.0
G,20,21200505,0.0
G,20,21200506,0.0
G,20,21200507,0.0
G,20,21200508,0.0
G,20,21200509,0.0
G,20,21200510,0.0
G,20,21200511,0.0
G,20,21200512,0.0
G,20,21200513,0.0
G,20,21200514,0.0
G,20,21200515,0.0
G,20,21200516,0.0
G,20,21200517,0.0
G,20,21200518,0.0
G,20,21200519,0.0
G,20,21200520,0.0
G,20,21200521,0.0
G,20,21200522,0.0
G,20,21200523,0.0
G,20,21200524,0.0
G,20,21200525,0.0
G,20,21200526,0.0
G,20,21200527,0.0
G,20,21200528,0.0
G,20,21200529,0.0
G,20,21200530,0.0
G,20,21200531,0.0
G,20,21200601,0.0
G,20,21200602,0.6931471805599453
G,20,21200603,0.0
G,20,21200604,0.0
G,20,21200605,0.6931471805599453
G,20,21200606,0.0
G,20,21200607,1.0986122886681098
G,20,21200608,0.0
G,20,21200609,1.0986122886681098
G,20,21200610,0.0
G,20,21200611,1.6094379124341003
G,20,21200612,1.3862943611198906
G,20,21200613,0.0
G,20,21200614,1.3862943611198906
G,20,21200615,1.3862943611198906
G,20,21200616,1.791759469228055
G,20,21200617,2.0794415416798357
G,20,21200618,0.6931471805599453
G,20,21200619,0.6931471805599453
G,20,21200620,1.791759469228055
G,20,21200621,1.6094379124341003
G,20,21200622,0.6931471805599453
G,20,21200623,2.1972245773362196
G,20,21200624,1.0986122886681098
G,20,21200625,1.791759469228055
G,20,21200626,2.302585092994046
G,20,21200627,0.6931471805599453
G,20,21200628,1.791759469228055
G,20,21200629,1.791759469228055
G,21,21200501,0.0
G,21,21200502,0.0
G,21,21200503,0.0
G,21,21200504,0.0
G,21,21200505,0.0
G,21,21200506,0.0
G,21,21200507,0.0
G,21,21200508,0.0
G,21,21200509,0.0
G,21,21200510,0.0
G,21,21200511,0.0
G,21,21200512,0.0
G,21,21200513,0.0
G,21,21200514,0.0
G,21,21200515,0.0
G,21,21200516,0.0
G,21,21200517,0.0
G,21,21200518,0.0
G,21,21200519,0.0
G,21,21200520,0.0
G,21,21200521,0.0
G,21,21200522,0.0
G,21,21200523,0.0
G,21,21200524,0.0
G,21,21200525,0.0
G,21,21200526,0.0
G,21,21200527,0.6931471805599453
G,21,21200528,0.0
G,21,21200529,1.0986122886681098
G,21,21200530,0.0
G,21,21200531,1.9459101490553132
G,21,21200601,0.0
G,21,21200602,1.0986122886681098
G,21,21200603,3.1354942159291497
G,21,21200604,2.9444389791664403
G,21,21200605,2.70805020110221
G,21,21200606,2.0794415416798357
G,21,21200607,2.1972245773362196
G,21,21200608,2.3978952727983707
G,21,21200609,2.5649493574615367
G,21,21200610,2.5649493574615367
G,21,21200611,2.302585092994046
G,21,21200612,2.833213344056216
G,21,21200613,3.044522437723423
G,21,21200614,3.4011973816621555
G,21,21200615,3.4339872044851463
G,21,21200616,3.4657359027997265
G,21,21200617,3.7376696182833684
G,21,21200618,3.6888794541139363
G,21,21200619,3.8066624897703196
G,21,21200620,3.4657359027997265
G,21,21200621,3.7612001156935624
G,21,21200622,4.0943445622221
G,21,21200623,4.110873864173311
G,21,21200624,4.3694478524670215
G,21,21200625,4.343805421853684
G,21,21200626,4.343805421853684
G,21,21200627,4.2626798770413155
G,21,21200628,4.143134726391533
G,21,21200629,4.276666119016055
G,22,21200501,0.0
G,22,21200502,0.0
G,22,21200503,0.0
G,22,21200504,0.0
G,22,21200505,0.0
G,22,21200506,0.0
G,22,21200507,0.0
G,22,21200508,0.0
G,22,21200509,0.0
G,22,21200510,0.0
G,22,21200511,0.0
G,22,21200512,0.0
G,22,21200513,0.0
G,22,21200514,0.0
G,22,21200515,0.0
G,22,21200516,0.0
G,22,21200517,0.0
G,22,21200518,0.0
G,22,21200519,0.0
G,22,21200520,0.0
G,22,21200521,0.0
G,22,21200522,0.0
G,22,21200523,0.0
G,22,21200524,0.0
G,22,21200525,0.0
G,22,21200526,0.0
G,22,21200527,0.0
G,22,21200528,0.0
G,22,21200529,0.0
G,22,21200530,0.0
G,22,21200531,0.0
G,22,21200601,1.3862943611198906
G,22,21200602,0.0
G,22,21200603,1.9459101490553132
G,22,21200604,2.1972245773362196
G,22,21200605,2.4849066497880004
G,22,21200606,1.791759469228055
G,22,21200607,2.772588722239781
G,22,21200608,1.9459101490553132
G,22,21200609,3.258096538021482
G,22,21200610,2.302585092994046
G,22,21200611,3.367295829986474
G,22,21200612,3.091042453358316
G,22,21200613,3.367295829986474
G,22,21200614,3.8918202981106265
G,22,21200615,3.784189633918261
G,22,21200616,3.6635616461296463
G,22,21200617,4.330733340286331
G,22,21200618,4.060443010546419
G,22,21200619,4.290459441148391
G,22,21200620,4.31748811353631
G,22,21200621,4.189654742026425
G,22,21200622,4.454347296253507
G,22,21200623,4.574710978503383
G,22,21200624,4.605170185988092
G,22,21200625,4.624972813284271
G,22,21200626,4.653960350157523
G,22,21200627,4.23410650459726
G,22,21200628,4.61512051684126
G,22,21200629,4.30406509320417
G,23,21200501,0.0
G,23,21200502,0.0
G,23,21200503,0.0
G,23,21200504,0.0
G,23,21200505,0.0
G,23,21200506,0.0
G,23,21200507,0.0
G,23,21200508,0.0
G,23,21200509,0.0
G,23,21200510,0.0
G,23,21200511,0.0
G,23,21200512,0.0
G,23,21200513,0.0
G,23,21200514,0.0
G,23,21200515,0.0
G,23,21200516,0.0
G,23,21200517,0.0
G,23,21200518,0.0
G,23,21200519,0.0
G,23,21200520,0.0
G,23,21200521,0.0
G,23,21200522,0.0
G,23,21200523,0.0
G,23,21200524,0.0
G,23,21200525,1.3862943611198906
G,23,21200526,0.6931471805599453
G,23,21200527,1.9459101490553132
G,23,21200528,2.1972245773362196
G,23,21200529,2.4849066497880004
G,23,21200530,2.6390573296152584
G,23,21200531,2.6390573296152584
G,23,21200601,4.0943445622221
G,23,21200602,3.970291913552122
G,23,21200603,3.9889840465642745
G,23,21200604,3.970291913552122
G,23,21200605,3.9318256327243257
G,23,21200606,3.713572066704308
G,23,21200607,4.127134385045092
G,23,21200608,3.6375861597263857
G,23,21200609,4.189654742026425
G,23,21200610,4.477336814478207
G,23,21200611,4.6913478822291435
G,23,21200612,4.875197323201151
G,23,21200613,5.214935757608986
G,23,21200614,5.153291594497779
G,23,21200615,5.442417710521793
G,23,21200616,5.6240175061873385
G,23,21200617,5.476463551931511
G,23,21200618,5.703782474656201
G,23,21200619,5.978885764901122
G,23,21200620,5.723585101952381
G,23,21200621,5.991464547107982
G,23,21200622,6.156978985585555
G,23,21200623,6.280395838960195
G,23,21200624,6.135564891081739
G,23,21200625,6.192362489474872
G,23,21200626,6.2422232654551655
G,23,21200627,6.07073772800249
G,23,21200628,6.0014148779611505
G,23,21200629,6.270988431858299
G,24,21200501,0.0
G,24,21200502,0.0
G,24,21200503,0.0
G,24,21200504,0.0
G,24,21200505,0.0
G,24,21200506,0.0
G,24,21200507,0.0
G,24,21200508,0.0
G,24,21200509,0.0
G,24,21200510,0.0
G,24,21200511,0.0
G,24,21200512,0.0
G,24,21200513,0.0
G,24,21200514,0.0
G,24,21200515,0.0
G,24,21200516,0.0
G,24,21200517,0.0
G,24,21200518,0.0
G,24,21200519,0.0
G,24,21200520,0.0
G,24,21200521,0.0
G,24,21200522,0.0
G,24,21200523,0.0
G,24,21200524,0.0
G,24,21200525,0.0
G,24,21200526,0.0
G,24,21200527,0.0
G,24,21200528,0.0
G,24,21200529,1.0986122886681098
G,24,21200530,0.6931471805599453
G,24,21200531,0.0
G,24,21200601,1.0986122886681098
G,24,21200602,1.6094379124341003
G,24,21200603,1.3862943611198906
G,24,21200604,2.833213344056216
G,24,21200605,2.3978952727983707
G,24,21200606,2.9444389791664403
G,24,21200607,3.091042453358316
G,24,21200608,2.772588722239781
G,24,21200609,3.5553480614894135
G,24,21200610,3.7376696182833684
G,24,21200611,4.02535169073515
G,24,21200612,4.1588830833596715
G,24,21200613,4.3694478524670215
G,24,21200614,4.718498871295094
G,24,21200615,4.6443908991413725
G,24,21200616,4.543294782270004
G,24,21200617,5.0689042022202315
G,24,21200618,5.247024072160486
G,24,21200619,5.351858133476067
G,24,21200620,5.181783550292085
G,24,21200621,5.313205979041787
G,24,21200622,5.455321115357702
G,24,21200623,5.673323267171493
G,24,21200624,5.575949103146316
G,24,21200625,5.717027701406222
G,24,21200626,5.808142489980444
G,24,21200627,5.58724865840025
G,24,21200628,5.4680601411351315
G,24,21200629,5.3706380281276624
G,25,21200501,0.0
G,25,21200502,0.0
G,25,21200503,0.0
G,25,21200504,0.0
G,25,21200505,0.0
G,25,21200506,0.0
G,25,21200507,0.0
G,25,21200508,0.0
G,25,21200509,0.0
G,25,21200510,0.0
G,25,21200511,0.0
G,25,21200512,0.0
G,25,21200513,0.0
G,25,21200514,0.0
G,25,21200515,0.0
G,25,21200516,0.0
G,25,21200517,0.0
G,25,21200518,0.0
G,25,21200519,0.0
G,25,21200520,0.0
G,25,21200521,0.0
G,25,21200522,0.0
G,25,21200523,0.0
G,25,21200524,0.0
G,25,21200525,0.0
G,25,21200526,1.0986122886681098
G,25,21200527,1.0986122886681098
G,25,21200528,1.6094379124341003
G,25,21200529,3.295836866004329
G,25,21200530,3.6109179126442243
G,25,21200531,3.58351893845611
G,25,21200601,4.143134726391533
G,25,21200602,4.477336814478207
G,25,21200603,5.442417710521793
G,25,21200604,5.6240175061873385
G,25,21200605,4.812184355372417
G,25,21200606,4.770684624465665
G,25,21200607,5.0106352940962555
G,25,21200608,5.60947179518496
G,25,21200609,5.84354441703136
G,25,21200610,6.042632833682381
G,25,21200611,6.269096283706261
G,25,21200612,6.51471269087253
G,25,21200613,6.6895992691789665
G,25,21200614,6.9411900550683745
G,25,21200615,7.1180162044653335
G,25,21200616,7.242797922793756
G,25,21200617,7.261927092702751
G,25,21200618,7.282073658093465
G,25,21200619,7.381501894506707
G,25,21200620,7.1731917424865985
G,25,21200621,7.336285660021297
G,25,21200622,7.418780882750794
G,25,21200623,7.489970898834801
G,25,21200624,7.459338895220296
G,25,21200625,7.474204806496124
G,25,21200626,7.495541943884256
G,25,21200627,7.37650812632622
G,25,21200628,7.232010331664759
G,25,21200629,7.343426229147367
G,26,21200501,0.0
G,26,21200502,0.0
G,26,21200503,0.0
G,26,21200504,0.0
G,26,21200505,0.0
G,26,21200506,0.0
G,26,21200507,0.0
G,26,21200508,0.0
G,26,21200509,0.0
G,26,21200510,0.0
G,26,21200511,0.0
G,26,21200512,0.0
G,26,21200513,0.0
G,26,21200514,0.0
G,26,21200515,0.0
G,26,21200516,0.0
G,26,21200517,0.0
G,26,21200518,0.0
G,26,21200519,0.0
G,26,21200520,0.0
G,26,21200521,0.0
G,26,21200522,0.0
G,26,21200523,0.0
G,26,21200524,0.0
G,26,21200525,0.0
G,26,21200526,0.0
G,26,21200527,0.0
G,26,21200528,0.0
G,26,21200529,0.0
G,26,21200530,2.1972245773362196
G,26,21200531,0.0
G,26,21200601,3.4965075614664802
G,26,21200602,2.6390573296152584
G,26,21200603,3.9318256327243257
G,26,21200604,3.5263605246161616
G,26,21200605,3.784189633918261
G,26,21200606,3.4965075614664802
G,26,21200607,3.784189633918261
G,26,21200608,4.1588830833596715
G,26,21200609,4.31748811353631
G,26,21200610,4.394449154672439
G,26,21200611,4.634728988229636
G,26,21200612,5.135798437050262
G,26,21200613,5.204006687076795
G,26,21200614,5.517452896464707
G,26,21200615,5.583496308781699
G,26,21200616,5.645446897643238
G,26,21200617,5.869296913133774
G,26,21200618,5.921578419643816
G,26,21200619,6.035481432524756
G,26,21200620,6.003887067106539
G,26,21200621,6.261491684321042
G,26,21200622,6.423246963533519
G,26,21200623,6.423246963533519
G,26,21200624,6.48768401848461
G,26,21200625,6.525029657843462
G,26,21200626,6.551080335043404
G,26,21200627,6.461468176353717
G,26,21200628,6.363028103540465
G,26,21200629,6.368187186350492
G,27,21200501,0.0
G,27,21200502,0.0
G,27,21200503,0.0
G,27,21200504,0.0
G,27,21200505,0.0
G,27,21200506,0.0
G,27,21200507,0.0
G,27,21200508,0.0
G,27,21200509,0.0
G,27,21200510,0.0
G,27,21200511,0.0
G,27,21200512,0.0
G,27,21200513,0.0
G,27,21200514,0.0
G,27,21200515,0.0
G,27,21200516,0.0
G,27,21200517,0.0
G,27,21200518,0.0
G,27,21200519,0.0
G,27,21200520,0.0
G,27,21200521,0.0
G,27,21200522,0.0
G,27,21200523,0.0
G,27,21200524,0.0
G,27,21200525,0.0
G,27,21200526,0.0
G,27,21200527,0.0
G,27,21200528,0.0
G,27,21200529,0.0
G,27,21200530,0.0
G,27,21200531,0.0
G,27,21200601,0.0
G,27,21200602,0.0
G,27,21200603,1.3862943611198906
G,27,21200604,0.0
G,27,21200605,0.0
G,27,21200606,1.0986122886681098
G,27,21200607,1.3862943611198906
G,27,21200608,1.0986122886681098
G,27,21200609,0.0
G,27,21200610,0.0
G,27,21200611,0.0
G,27,21200612,0.0
G,27,21200613,0.0
G,27,21200614,0.0
G,27,21200615,0.0
G,27,21200616,0.6931471805599453
G,27,21200617,2.1972245773362196
G,27,21200618,0.6931471805599453
G,27,21200619,1.0986122886681098
G,27,21200620,1.0986122886681098
G,27,21200621,1.791759469228055
G,27,21200622,2.833213344056216
G,27,21200623,2.772588722239781
G,27,21200624,2.9444389791664403
G,27,21200625,2.70805020110221
G,27,21200626,2.4849066497880004
G,27,21200627,2.8903717578961645
G,27,21200628,2.995732273553991
G,27,21200629,3.1780538303479458
G,28,21200501,0.0
G,28,21200502,0.0
G,28,21200503,0.0
G,28,21200504,0.0
G,28,21200505,0.0
G,28,21200506,0.0
G,28,21200507,0.0
G,28,21200508,0.0
G,28,21200509,0.0
G,28,21200510,0.0
G,28,21200511,0.0
G,28,21200512,0.0
G,28,21200513,0.0
G,28,21200514,0.0
G,28,21200515,0.0
G,28,21200516,0.0
G,28,21200517,0.0
G,28,21200518,0.0
G,28,21200519,0.0
G,28,21200520,0.0
G,28,21200521,0.0
G,28,21200522,0.0
G,28,21200523,0.0
G,28,21200524,0.0
G,28,21200525,0.0
G,28,21200526,0.0
G,28,21200527,0.0
G,28,21200528,0.0
G,28,21200529,1.791759469228055
G,28,21200530,2.833213344056216
G,28,21200531,2.3978952727983707
G,28,21200601,2.302585092994046
G,28,21200602,3.4657359027997265
G,28,21200603,4.060443010546419
G,28,21200604,3.970291913552122
G,28,21200605,3.2188758248682006
G,28,21200606,3.6635616461296463
G,28,21200607,3.912023005428146
G,28,21200608,4.543294782270004
G,28,21200609,4.762173934797756
G,28,21200610,4.736198448394496
G,28,21200611,5.135798437050262
G,28,21200612,5.209486152841421
G,28,21200613,5.627621113690637
G,28,21200614,5.616771097666572
G,28,21200615,5.820082930352362
G,28,21200616,6.040254711277414
G,28,21200617,6.115892125483034
G,28,21200618,6.248042874508429
G,28,21200619,6.148468295917647
G,28,21200620,6.220590170099739
G,28,21200621,6.20050917404269
G,28,21200622,6.22455842927536
G,28,21200623,6.335054251498059
G,28,21200624,6.343880434126331
G,28,21200625,6.343880434126331
G,28,21200626,6.3473892096560105
G,28,21200627,6.22455842927536
G,28,21200628,6.093569770045136
G,28,21200629,6.152732694704104
G,29,21200501,0.0
G,29,21200502,0.0
G,29,21200503,0.0
G,29,21200504,0.0
G,29,21200505,0.0
G,29,21200506,0.0
G,29,21200507,0.0
G,29,21200508,0.0
G,29,21200509,0.0
G,29,21200510,0.0
G,29,21200511,0.0
G,29,21200512,0.0
G,29,21200513,0.0
G,29,21200514,0.0
G,29,21200515,0.0
G,29,21200516,0.0
G,29,21200517,0.0
G,29,21200518,0.0
G,29,21200519,0.0
G,29,21200520,0.0
G,29,21200521,0.0
G,29,21200522,0.0
G,29,21200523,0.0
G,29,21200524,0.0
G,29,21200525,0.0
G,29,21200526,0.0
G,29,21200527,0.0
G,29,21200528,0.0
G,29,21200529,0.0
G,29,21200530,0.0
G,29,21200531,0.0
G,29,21200601,0.0
G,29,21200602,0.0
G,29,21200603,0.0
G,29,21200604,2.1972245773362196
G,29,21200605,2.772588722239781
G,29,21200606,2.4849066497880004
G,29,21200607,2.70805020110221
G,29,21200608,2.70805020110221
G,29,21200609,3.784189633918261
G,29,21200610,2.833213344056216
G,29,21200611,3.8066624897703196
G,29,21200612,3.8501476017100584
G,29,21200613,4.68213122712422
G,29,21200614,4.189654742026425
G,29,21200615,4.477336814478207
G,29,21200616,4.663439094112067
G,29,21200617,5.017279836814924
G,29,21200618,5.075173815233827
G,29,21200619,5.099866427824199
G,29,21200620,4.804021044733257
G,29,21200621,4.948759890378168
G,29,21200622,5.10594547390058
G,29,21200623,5.220355825078324
G,29,21200624,5.198497031265826
G,29,21200625,5.135798437050262
G,29,21200626,5.062595033026967
G,29,21200627,4.948759890378168
G,29,21200628,4.927253685157205
G,29,21200629,4.941642422609304
G,30,21200501,0.0
G,30,21200502,0.0
G,30,21200503,0.0
G,30,21200504,0.0
G,30,21200505,0.0
G,30,21200506,0.0
G,30,21200507,0.0
G,30,21200508,0.0
G,30,21200509,0.0
G,30,21200510,0.0
G,30,21200511,0.0
G,30,21200512,0.0
G,30,21200513,0.0
G,30,21200514,0.0
G,30,21200515,0.0
G,30,21200516,0.0
G,30,21200517,0.0
G,30,21200518,0.0
G,30,21200519,0.0
G,30,21200520,0.0
G,30,21200521,0.0
G,30,21200522,0.0
G,30,21200523,0.0
G,30,21200524,0.0
G,30,21200525,0.6931471805599453
G,30,21200526,0.0
G,30,21200527,0.0
G,30,21200528,1.6094379124341003
G,30,21200529,2.302585092994046
G,30,21200530,3.332204510175204
G,30,21200531,3.6109179126442243
G,30,21200601,3.8501476017100584
G,30,21200602,4.060443010546419
G,30,21200603,4.189654742026425
G,30,21200604,4.74493212836325
G,30,21200605,3.7612001156935624
G,30,21200606,3.4011973816621555
G,30,21200607,3.713572066704308
G,30,21200608,4.189654742026425
G,30,21200609,4.543294782270004
G,30,21200610,4.3694478524670215
G,30,21200611,4.6443908991413725
G,30,21200612,4.574710978503383
G,30,21200613,4.787491742782046
G,30,21200614,5.14166355650266
G,30,21200615,5.170483995038151
G,30,21200616,5.214935757608986
G,30,21200617,5.493061443340548
G,30,21200618,5.14166355650266
G,30,21200619,5.298317366548036
G,30,21200620,5.365976015021851
G,30,21200621,5.723585101952381
G,30,21200622,5.602118820879701
G,30,21200623,5.7899601708972535
G,30,21200624,5.991464547107982
G,30,21200625,5.8664680569332965
G,30,21200626,5.713732805509369
G,30,21200627,5.517452896464707
G,30,21200628,5.5909869805108565
G,30,21200629,5.799092654460526
G,31,21200501,0.0
G,31,21200502,0.0
G,31,21200503,0.0
G,31,21200504,0.0
G,31,21200505,0.0
G,31,21200506,0.0
G,31,21200507,0.0
G,31,21200508,0.0
G,31,21200509,0.0
G,31,21200510,0.0
G,31,21200511,0.0
G,31,21200512,0.0
G,31,21200513,0.0
G,31,21200514,0.0
G,31,21200515,0.0
G,31,21200516,0.0
G,31,21200517,0.0
G,31,21200518,0.0
G,31,21200519,0.0
G,31,21200520,0.0
G,31,21200521,0.0
G,31,21200522,0.0
G,31,21200523,0.0
G,31,21200524,0.0
G,31,21200525,0.0
G,31,21200526,0.0
G,31,21200527,0.0
G,31,21200528,0.0
G,31,21200529,0.0
G,31,21200530,0.0
G,31,21200531,0.0
G,31,21200601,0.0
G,31,21200602,1.0986122886681098
G,31,21200603,0.6931471805599453
G,31,21200604,0.0
G,31,21200605,1.3862943611198906
G,31,21200606,1.3862943611198906
G,31,21200607,1.6094379124341003
G,31,21200608,1.9459101490553132
G,31,21200609,2.6390573296152584
G,31,21200610,2.6390573296152584
G,31,21200611,2.995732273553991
G,31,21200612,2.302585092994046
G,31,21200613,3.4011973816621555
G,31,21200614,3.4965075614664802
G,31,21200615,3.4011973816621555
G,31,21200616,3.367295829986474
G,31,21200617,4.31748811353631
G,31,21200618,4.276666119016055
G,31,21200619,4.382026634673881
G,31,21200620,4.30406509320417
G,31,21200621,4.499809670330265
G,31,21200622,4.6443908991413725
G,31,21200623,4.919980925828125
G,31,21200624,4.844187086458591
G,31,21200625,4.919980925828125
G,31,21200626,4.990432586778736
G,31,21200627,4.709530201312334
G,31,21200628,4.6443908991413725
G,31,21200629,4.955827057601261
G,32,21200501,0.0
G,32,21200502,0.0
G,32,21200503,0.0
G,32,21200504,0.0
G,32,21200505,0.0
G,32,21200506,0.0
G,32,21200507,0.0
G,32,21200508,0.0
G,32,21200509,0.0
G,32,21200510,0.0
G,32,21200511,0.0
G,32,21200512,0.0
G,32,21200513,0.0
G,32,21200514,0.0
G,32,21200515,0.0
G,32,21200516,0.0
G,32,21200517,0.0
G,32,21200518,0.0
G,32,21200519,0.0
G,32,21200520,0.0
G,32,21200521,0.0
G,32,21200522,0.0
G,32,21200523,0.0
G,32,21200524,0.0
G,32,21200525,0.0
G,32,21200526,0.0
G,32,21200527,0.0
G,32,21200528,0.0
G,32,21200529,0.0
G,32,21200530,0.0
G,32,21200531,1.3862943611198906
G,32,21200601,0.0
G,32,21200602,0.6931471805599453
G,32,21200603,0.6931471805599453
G,32,21200604,2.5649493574615367
G,32,21200605,3.1354942159291497
G,32,21200606,1.791759469228055
G,32,21200607,2.4849066497880004
G,32,21200608,3.091042453358316
G,32,21200609,3.4965075614664802
G,32,21200610,3.044522437723423
G,32,21200611,3.091042453358316
G,32,21200612,3.4011973816621555
G,32,21200613,3.6375861597263857
G,32,21200614,3.970291913552122
G,32,21200615,3.8501476017100584
G,32,21200616,3.784189633918261
G,32,21200617,3.713572066704308
G,32,21200618,3.5553480614894135
G,32,21200619,4.143134726391533
G,32,21200620,3.912023005428146
G,32,21200621,4.127134385045092
G,32,21200622,3.828641396489095
G,32,21200623,3.8918202981106265
G,32,21200624,4.2626798770413155
G,32,21200625,4.1588830833596715
G,32,21200626,4.07753744390572
G,32,21200627,4.174387269895637
G,32,21200628,3.970291913552122
G,32,21200629,3.6635616461296463
G,33,21200501,0.0
G,33,21200502,0.0
G,33,21200503,0.0
G,33,21200504,0.0
G,33,21200505,0.0
G,33,21200506,0.0
G,33,21200507,0.0
G,33,21200508,0.0
G,33,21200509,0.0
G,33,21200510,0.0
G,33,21200511,0.0
G,33,21200512,0.0
G,33,21200513,0.0
G,33,21200514,0.0
G,33,21200515,0.0
G,33,21200516,0.0
G,33,21200517,0.0
G,33,21200518,0.0
G,33,21200519,0.0
G,33,21200520,0.0
G,33,21200521,0.0
G,33,21200522,0.0
G,33,21200523,0.0
G,33,21200524,0.0
G,33,21200525,0.0
G,33,21200526,0.0
G,33,21200527,0.0
G,33,21200528,0.0
G,33,21200529,0.0
G,33,21200530,0.0
G,33,21200531,1.3862943611198906
G,33,21200601,0.0
G,33,21200602,1.0986122886681098
G,33,21200603,1.6094379124341003
G,33,21200604,3.6109179126442243
G,33,21200605,3.5553480614894135
G,33,21200606,2.1972245773362196
G,33,21200607,2.5649493574615367
G,33,21200608,3.1354942159291497
G,33,21200609,3.367295829986474
G,33,21200610,3.7376696182833684
G,33,21200611,3.4657359027997265
G,33,21200612,3.4657359027997265
G,33,21200613,3.871201010907891
G,33,21200614,3.9318256327243257
G,33,21200615,3.871201010907891
G,33,21200616,3.8501476017100584
G,33,21200617,4.418840607796598
G,33,21200618,4.127134385045092
G,33,21200619,4.110873864173311
G,33,21200620,4.0943445622221
G,33,21200621,4.406719247264253
G,33,21200622,4.59511985013459
G,33,21200623,4.5217885770490405
G,33,21200624,4.1588830833596715
G,33,21200625,4.356708826689592
G,33,21200626,4.584967478670572
G,33,21200627,4.465908118654584
G,33,21200628,4.564348191467836
G,33,21200629,4.007333185232471
G,34,21200501,0.0
G,34,21200502,0.0
G,34,21200503,0.0
G,34,21200504,0.0
G,34,21200505,0.0
G,34,21200506,0.0
G,34,21200507,0.0
G,34,21200508,0.0
G,34,21200509,0.0
G,34,21200510,0.0
G,34,21200511,0.0
G,34,21200512,0.0
G,34,21200513,0.0
G,34,21200514,0.0
G,34,21200515,0.0
G,34,21200516,0.0
G,34,21200517,0.0
G,34,21200518,0.0
G,34,21200519,0.0
G,34,21200520,0.0
G,34,21200521,0.0
G,34,21200522,0.0
G,34,21200523,0.0
G,34,21200524,0.0
G,34,21200525,0.0
G,34,21200526,0.0
G,34,21200527,0.0
G,34,21200528,0.0
G,34,21200529,0.0
G,34,21200530,1.3862943611198906
G,34,21200531,0.6931471805599453
G,34,21200601,1.6094379124341003
G,34,21200602,2.302585092994046
G,34,21200603,2.70805020110221
G,34,21200604,3.295836866004329
G,34,21200605,3.367295829986474
G,34,21200606,3.58351893845611
G,34,21200607,3.9889840465642745
G,34,21200608,4.276666119016055
G,34,21200609,4.553876891600541
G,34,21200610,4.700480365792417
G,34,21200611,4.852030263919617
G,34,21200612,5.236441962829949
G,34,21200613,5.262690188904886
G,34,21200614,5.267858159063328
G,34,21200615,5.703782474656201
G,34,21200616,6.042632833682381
G,34,21200617,5.950642552587727
G,34,21200618,6.003887067106539
G,34,21200619,5.932245187448011
G,34,21200620,5.7430031878094825
G,34,21200621,6.028278520230698
G,34,21200622,5.993961427306569
G,34,21200623,6.07073772800249
G,34,21200624,6.09807428216624
G,34,21200625,6.066108090103747
G,34,21200626,6.037870919922137
G,34,21200627,6.008813185442595
G,34,21200628,5.683579767338681
G,34,21200629,5.627621113690637
G,35,21200501,0.0
G,35,21200502,0.0
G,35,21200503,0.0
G,35,21200504,0.0
G,35,21200505,0.0
G,35,21200506,0.0
G,35,21200507,0.0
G,35,21200508,0.0
G,35,21200509,0.0
G,35,21200510,0.0
G,35,21200511,0.0
G,35,21200512,0.0
G,35,21200513,0.0
G,35,21200514,0.0
G,35,21200515,0.0
G,35,21200516,0.0
G,35,21200517,0.0
G,35,21200518,0.0
G,35,21200519,0.0
G,35,21200520,0.0
G,35,21200521,0.0
G,35,21200522,0.0
G,35,21200523,0.0
G,35,21200524,0.0
G,35,21200525,0.0
G,35,21200526,0.0
G,35,21200527,0.6931471805599453
G,35,21200528,1.791759469228055
G,35,21200529,1.9459101490553132
G,35,21200530,3.828641396489095
G,35,21200531,4.04305126783455
G,35,21200601,4.499809670330265
G,35,21200602,5.455321115357702
G,35,21200603,5.8522024797744745
G,35,21200604,6.282266746896006
G,35,21200605,4.9344739331306915
G,35,21200606,4.718498871295094
G,35,21200607,5.123963979403259
G,35,21200608,5.288267030694535
G,35,21200609,5.598421958998375
G,35,21200610,5.723585101952381
G,35,21200611,5.62040086571715
G,35,21200612,5.863631175598097
G,35,21200613,5.993961427306569
G,35,21200614,5.968707559985366
G,35,21200615,6.0867747269123065
G,35,21200616,6.238324625039508
G,35,21200617,6.345636360828596
G,35,21200618,6.214608098422191
G,35,21200619,6.448889394146858
G,35,21200620,6.289715570908998
G,35,21200621,6.331501849893691
G,35,21200622,6.440946540632921
G,35,21200623,6.329720905522696
G,35,21200624,6.493753839851686
G,35,21200625,6.498282149476434
G,35,21200626,6.504288173536645
G,35,21200627,6.238324625039508
G,35,21200628,6.289715570908998
G,35,21200629,6.263398262591624
G,36,21200501,0.0
G,36,21200502,0.0
G,36,21200503,0.0
G,36,21200504,0.0
G,36,21200505,0.0
G,36,21200506,0.0
G,36,21200507,0.0
G,36,21200508,0.0
G,36,21200509,0.0
G,36,21200510,0.0
G,36,21200511,0.0
G,36,21200512,0.0
G,36,21200513,0.0
G,36,21200514,0.0
G,36,21200515,0.0
G,36,21200516,0.0
G,36,21200517,0.0
G,36,21200518,0.0
G,36,21200519,0.0
G,36,21200520,0.0
G,36,21200521,0.0
G,36,21200522,0.0
G,36,21200523,0.0
G,36,21200524,0.0
G,36,21200525,0.0
G,36,21200526,0.0
G,36,21200527,0.0
G,36,21200528,0.0
G,36,21200529,0.0
G,36,21200530,0.0
G,36,21200531,0.0
G,36,21200601,0.0
G,36,21200602,1.3862943611198906
G,36,21200603,1.0986122886681098
G,36,21200604,1.0986122886681098
G,36,21200605,1.6094379124341003
G,36,21200606,0.6931471805599453
G,36,21200607,1.6094379124341003
G,36,21200608,1.6094379124341003
G,36,21200609,1.3862943611198906
G,36,21200610,1.791759469228055
G,36,21200611,2.302585092994046
G,36,21200612,2.1972245773362196
G,36,21200613,2.70805020110221
G,36,21200614,1.0986122886681098
G,36,21200615,2.1972245773362196
G,36,21200616,2.772588722239781
G,36,21200617,2.833213344056216
G,36,21200618,2.3978952727983707
G,36,21200619,2.5649493574615367
G,36,21200620,2.8903717578961645
G,36,21200621,2.302585092994046
G,36,21200622,3.295836866004329
G,36,21200623,2.772588722239781
G,36,21200624,2.70805020110221
G,36,21200625,2.70805020110221
G,36,21200626,2.833213344056216
G,36,21200627,3.1354942159291497
G,36,21200628,3.1354942159291497
G,36,21200629,2.70805020110221
G,37,21200501,0.0
G,37,21200502,0.0
G,37,21200503,0.0
G,37,21200504,0.0
G,37,21200505,0.0
G,37,21200506,0.0
G,37,21200507,0.0
G,37,21200508,0.0
G,37,21200509,0.0
G,37,21200510,0.0
G,37,21200511,0.0
G,37,21200512,0.0
G,37,21200513,0.0
G,37,21200514,0.0
G,37,21200515,0.0
G,37,21200516,0.0
G,37,21200517,0.0
G,37,21200518,0.0
G,37,21200519,0.0
G,37,21200520,0.0
G,37,21200521,0.0
G,37,21200522,0.0
G,37,21200523,0.0
G,37,21200524,0.0
G,37,21200525,0.0
G,37,21200526,0.0
G,37,21200527,0.0
G,37,21200528,0.0
G,37,21200529,0.0
G,37,21200530,0.0
G,37,21200531,1.0986122886681098
G,37,21200601,2.772588722239781
G,37,21200602,2.995732273553991
G,37,21200603,2.833213344056216
G,37,21200604,3.4657359027997265
G,37,21200605,3.6375861597263857
G,37,21200606,3.091042453358316
G,37,21200607,3.58351893845611
G,37,21200608,3.295836866004329
G,37,21200609,3.5263605246161616
G,37,21200610,3.332204510175204
G,37,21200611,3.6888794541139363
G,37,21200612,4.204692619390966
G,37,21200613,4.04305126783455
G,37,21200614,4.574710978503383
G,37,21200615,4.48863636973214
G,37,21200616,4.430816798843313
G,37,21200617,4.605170185988092
G,37,21200618,4.700480365792417
G,37,21200619,4.962844630259907
G,37,21200620,5.049856007249537
G,37,21200621,4.969813299576001
G,37,21200622,5.123963979403259
G,37,21200623,5.262690188904886
G,37,21200624,5.3471075307174685
G,37,21200625,5.337538079701318
G,37,21200626,5.327876168789581
G,37,21200627,5.231108616854587
G,37,21200628,5.0369526024136295
G,37,21200629,5.308267697401205
