21200501,A,G,0.108216
21200501,B,G,0.006318
21200501,C,G,0.0140616
21200501,D,G,0.0936036
21200501,E,G,0.0221616
21200501,F,G,0.0156168
21200501,G,A,0.117547
21200501,G,B,0.0047304
21200501,G,C,0.0098496
21200501,G,D,0.0862164
21200501,G,E,0.0184356
21200501,G,F,0.0132516
21200501,G,H,0.0104976
21200501,G,I,0.0086832
21200501,G,J,0.0085212
21200501,G,K,0.0010692
21200501,H,G,0.0109836
21200501,I,G,0.0092664
21200501,J,G,0.0096228
21200501,K,G,0.0012312
21200502,A,G,0.0992736
21200502,B,G,0.0054108
21200502,C,G,0.0130896
21200502,D,G,0.0820044
21200502,E,G,0.0217404
21200502,F,G,0.0154872
21200502,G,A,0.104134
21200502,G,B,0.005994
21200502,G,C,0.010854
21200502,G,D,0.080838
21200502,G,E,0.0202176
21200502,G,F,0.016038
21200502,G,H,0.0116316
21200502,G,I,0.0084564
21200502,G,J,0.010044
21200502,G,K,0.0014256
21200502,H,G,0.0104328
21200502,I,G,0.0099144
21200502,J,G,0.006156
21200502,K,G,0.0013932
21200503,A,G,0.143791
21200503,B,G,0.0062208
21200503,C,G,0.0149688
21200503,D,G,0.107471
21200503,E,G,0.0228744
21200503,F,G,0.0218376
21200503,G,A,0.128822
21200503,G,B,0.0060264
21200503,G,C,0.0155196
21200503,G,D,0.0959688
21200503,G,E,0.0232632
21200503,G,F,0.0200556
21200503,G,H,0.0141912
21200503,G,I,0.010692
21200503,G,J,0.0104004
21200503,G,K,0.0013608
21200503,H,G,0.0111456
21200503,I,G,0.0103356
21200503,J,G,0.0096876
21200503,K,G,0.0024624
21200504,A,G,0.093636
21200504,B,G,0.0044712
21200504,C,G,0.0106272
21200504,D,G,0.0911412
21200504,E,G,0.0189216
21200504,F,G,0.01944
21200504,G,A,0.105851
21200504,G,B,0.005346
21200504,G,C,0.0112104
21200504,G,D,0.0803196
21200504,G,E,0.0205092
21200504,G,F,0.0120852
21200504,G,H,0.0099792
21200504,G,I,0.0069012
21200504,G,J,0.0078408
21200504,G,K,0.0011016
21200504,H,G,0.0112752
21200504,I,G,0.008748
21200504,J,G,0.0072576
21200504,K,G,0.0011664
21200505,A,G,0.0975888
21200505,B,G,0.005994
21200505,C,G,0.0123768
21200505,D,G,0.0814212
21200505,E,G,0.0211248
21200505,F,G,0.0146124
21200505,G,A,0.095418
21200505,G,B,0.0046332
21200505,G,C,0.0108216
21200505,G,D,0.0728352
21200505,G,E,0.0185004
21200505,G,F,0.0119232
21200505,G,H,0.010206
21200505,G,I,0.0083592
21200505,G,J,0.0093636
21200505,G,K,0.0006156
21200505,H,G,0.0089748
21200505,I,G,0.0084888
21200505,J,G,0.0083592
21200505,K,G,0.0010044
21200506,A,G,0.172109
21200506,B,G,0.0098496
21200506,C,G,0.0474336
21200506,D,G,0.125323
21200506,E,G,0.0238788
21200506,F,G,0.0370008
21200506,G,A,0.143629
21200506,G,B,0.0065124
21200506,G,C,0.0150984
21200506,G,D,0.103874
21200506,G,E,0.02106
21200506,G,F,0.0172368
21200506,G,H,0.0148068
21200506,G,I,0.0115668
21200506,G,J,0.0112428
21200506,G,K,0.0009396
21200506,H,G,0.0224856
21200506,I,G,0.0246564
21200506,J,G,0.020898
21200506,K,G,0.0049896
21200507,A,G,0.101574
21200507,B,G,0.0044388
21200507,C,G,0.0113076
21200507,D,G,0.0863136
21200507,E,G,0.0197316
21200507,F,G,0.015228
21200507,G,A,0.105268
21200507,G,B,0.0054432
21200507,G,C,0.011016
21200507,G,D,0.0765288
21200507,G,E,0.0200556
21200507,G,F,0.0145152
21200507,G,H,0.0117936
21200507,G,I,0.0067716
21200507,G,J,0.0078408
21200507,G,K,0.0012636
21200507,H,G,0.011016
21200507,I,G,0.0084564
21200507,J,G,0.0074844
21200507,K,G,0.0012312
21200508,A,G,0.151178
21200508,B,G,0.0060912
21200508,C,G,0.0139644
21200508,D,G,0.113076
21200508,E,G,0.024624
21200508,F,G,0.0207684
21200508,G,A,0.134298
21200508,G,B,0.00648
21200508,G,C,0.011016
21200508,G,D,0.0946728
21200508,G,E,0.0224856
21200508,G,F,0.0163296
21200508,G,H,0.0131544
21200508,G,I,0.0103356
21200508,G,J,0.0099144
21200508,G,K,0.00081
21200508,H,G,0.013608
21200508,I,G,0.0106272
21200508,J,G,0.0099468
21200508,K,G,0.0020736
21200509,A,G,0.11489
21200509,B,G,0.00567
21200509,C,G,0.0118908
21200509,D,G,0.105397
21200509,E,G,0.020898
21200509,F,G,0.0140292
21200509,G,A,0.118811
21200509,G,B,0.0071928
21200509,G,C,0.0109836
21200509,G,D,0.107924
21200509,G,E,0.0215136
21200509,G,F,0.013284
21200509,G,H,0.0109836
21200509,G,I,0.008424
21200509,G,J,0.0082944
21200509,G,K,0.00162
21200509,H,G,0.0112752
21200509,I,G,0.0079704
21200509,J,G,0.0091368
21200509,K,G,0.0009072
21200510,A,G,0.115603
21200510,B,G,0.006156
21200510,C,G,0.0139644
21200510,D,G,0.107276
21200510,E,G,0.0222588
21200510,F,G,0.018144
21200510,G,A,0.116608
21200510,G,B,0.006156
21200510,G,C,0.0094284
21200510,G,D,0.0927288
21200510,G,E,0.02268
21200510,G,F,0.0130248
21200510,G,H,0.01215
21200510,G,I,0.0073224
21200510,G,J,0.0086508
21200510,G,K,0.001296
21200510,H,G,0.0114372
21200510,I,G,0.0085212
21200510,J,G,0.0093636
21200510,K,G,0.0007776
21200511,A,G,0.121565
21200511,B,G,0.006318
21200511,C,G,0.013446
21200511,D,G,0.103518
21200511,E,G,0.02187
21200511,F,G,0.0167184
21200511,G,A,0.16187
21200511,G,B,0.0060912
21200511,G,C,0.013284
21200511,G,D,0.111294
21200511,G,E,0.0245592
21200511,G,F,0.0183708
21200511,G,H,0.0147744
21200511,G,I,0.0082944
21200511,G,J,0.0096228
21200511,G,K,0.00162
21200511,H,G,0.0130896
21200511,I,G,0.0110808
21200511,J,G,0.0083268
21200511,K,G,0.0016524
21200512,A,G,0.0988524
21200512,B,G,0.0054432
21200512,C,G,0.0116964
21200512,D,G,0.0821664
21200512,E,G,0.0164592
21200512,F,G,0.015228
21200512,G,A,0.118973
21200512,G,B,0.0044064
21200512,G,C,0.0130896
21200512,G,D,0.0932148
21200512,G,E,0.0206712
21200512,G,F,0.0138672
21200512,G,H,0.0112752
21200512,G,I,0.0075492
21200512,G,J,0.0094284
21200512,G,K,0.0013932
21200512,H,G,0.010368
21200512,I,G,0.0106596
21200512,J,G,0.0104004
21200512,K,G,0.0011016
21200513,A,G,0.0957096
21200513,B,G,0.0046008
21200513,C,G,0.0127332
21200513,D,G,0.080352
21200513,E,G,0.018468
21200513,F,G,0.0135756
21200513,G,A,0.0983988
21200513,G,B,0.006156
21200513,G,C,0.01215
21200513,G,D,0.0761724
21200513,G,E,0.0210924
21200513,G,F,0.0138672
21200513,G,H,0.0091044
21200513,G,I,0.00729
21200513,G,J,0.0089748
21200513,G,K,0.0012312
21200513,H,G,0.0091692
21200513,I,G,0.0081648
21200513,J,G,0.0069984
21200513,K,G,0.0018468
21200514,A,G,0.0941544
21200514,B,G,0.004212
21200514,C,G,0.0116316
21200514,D,G,0.0815832
21200514,E,G,0.0172368
21200514,F,G,0.0143856
21200514,G,A,0.096714
21200514,G,B,0.0046332
21200514,G,C,0.0110484
21200514,G,D,0.0760752
21200514,G,E,0.0203148
21200514,G,F,0.0138672
21200514,G,H,0.0086508
21200514,G,I,0.0069984
21200514,G,J,0.009396
21200514,G,K,0.0017172
21200514,H,G,0.00972
21200514,I,G,0.0082296
21200514,J,G,0.0076464
21200514,K,G,0.000972
21200515,A,G,0.099144
21200515,B,G,0.004698
21200515,C,G,0.012474
21200515,D,G,0.0843048
21200515,E,G,0.0193752
21200515,F,G,0.0142236
21200515,G,A,0.103032
21200515,G,B,0.0046008
21200515,G,C,0.0103356
21200515,G,D,0.0798336
21200515,G,E,0.018306
21200515,G,F,0.0120204
21200515,G,H,0.0086832
21200515,G,I,0.0075168
21200515,G,J,0.0104004
21200515,G,K,0.0021708
21200515,H,G,0.0117288
21200515,I,G,0.0091692
21200515,J,G,0.0080352
21200515,K,G,0.0013608
21200516,A,G,0.114307
21200516,B,G,0.0039204
21200516,C,G,0.0127332
21200516,D,G,0.102805
21200516,E,G,0.0219996
21200516,F,G,0.0208008
21200516,G,A,0.106628
21200516,G,B,0.0055728
21200516,G,C,0.0102708
21200516,G,D,0.0965844
21200516,G,E,0.0225828
21200516,G,F,0.0122472
21200516,G,H,0.0104976
21200516,G,I,0.0060588
21200516,G,J,0.0078732
21200516,G,K,0.0012636
21200516,H,G,0.009396
21200516,I,G,0.008262
21200516,J,G,0.0080352
21200516,K,G,0.0007128
21200517,A,G,0.102449
21200517,B,G,0.0052488
21200517,C,G,0.0127656
21200517,D,G,0.0928584
21200517,E,G,0.0198936
21200517,F,G,0.01539
21200517,G,A,0.110419
21200517,G,B,0.0043092
21200517,G,C,0.0112104
21200517,G,D,0.0868968
21200517,G,E,0.0209304
21200517,G,F,0.013932
21200517,G,H,0.0086832
21200517,G,I,0.0081972
21200517,G,J,0.0084888
21200517,G,K,0.0008748
21200517,H,G,0.0121176
21200517,I,G,0.0078084
21200517,J,G,0.0074844
21200517,K,G,0.001782
21200518,A,G,0.162713
21200518,B,G,0.0065448
21200518,C,G,0.0171072
21200518,D,G,0.119945
21200518,E,G,0.0251748
21200518,F,G,0.022032
21200518,G,A,0.134492
21200518,G,B,0.0074844
21200518,G,C,0.0133812
21200518,G,D,0.0940248
21200518,G,E,0.0275076
21200518,G,F,0.0158436
21200518,G,H,0.0149364
21200518,G,I,0.0117936
21200518,G,J,0.0107568
21200518,G,K,0.0015552
21200518,H,G,0.0113076
21200518,I,G,0.0092988
21200518,J,G,0.0103356
21200518,K,G,0.0014904
21200519,A,G,0.117709
21200519,B,G,0.0044712
21200519,C,G,0.013122
21200519,D,G,0.109156
21200519,E,G,0.0229392
21200519,F,G,0.0172368
21200519,G,A,0.120107
21200519,G,B,0.0064152
21200519,G,C,0.0090072
21200519,G,D,0.10368
21200519,G,E,0.0219996
21200519,G,F,0.0132516
21200519,G,H,0.0117288
21200519,G,I,0.00648
21200519,G,J,0.0096876
21200519,G,K,0.0007776
21200519,H,G,0.0107244
21200519,I,G,0.007128
21200519,J,G,0.0091368
21200519,K,G,0.0009396
21200520,A,G,0.0958716
21200520,B,G,0.0055728
21200520,C,G,0.0149364
21200520,D,G,0.0810324
21200520,E,G,0.0180144
21200520,F,G,0.016038
21200520,G,A,0.102028
21200520,G,B,0.0053136
21200520,G,C,0.009882
21200520,G,D,0.0812268
21200520,G,E,0.0181116
21200520,G,F,0.00972
21200520,G,H,0.0082944
21200520,G,I,0.007128
21200520,G,J,0.009396
21200520,G,K,0.0011988
21200520,H,G,0.0100764
21200520,I,G,0.009234
21200520,J,G,0.0075492
21200520,K,G,0.0012636
21200521,A,G,0.115506
21200521,B,G,0.0061236
21200521,C,G,0.0115992
21200521,D,G,0.0972324
21200521,E,G,0.021384
21200521,F,G,0.0155844
21200521,G,A,0.163393
21200521,G,B,0.0060588
21200521,G,C,0.0143532
21200521,G,D,0.116284
21200521,G,E,0.023976
21200521,G,F,0.0163944
21200521,G,H,0.0136404
21200521,G,I,0.0073548
21200521,G,J,0.01053
21200521,G,K,0.0014904
21200521,H,G,0.011178
21200521,I,G,0.0091368
21200521,J,G,0.0093636
21200521,K,G,0.0015552
21200522,A,G,0.10057
21200522,B,G,0.005184
21200522,C,G,0.0135108
21200522,D,G,0.0837864
21200522,E,G,0.017658
21200522,F,G,0.0167184
21200522,G,A,0.124837
21200522,G,B,0.0061884
21200522,G,C,0.0108864
21200522,G,D,0.0856656
21200522,G,E,0.0193428
21200522,G,F,0.0135108
21200522,G,H,0.0106596
21200522,G,I,0.0086508
21200522,G,J,0.0095256
21200522,G,K,0.0011664
21200522,H,G,0.0112428
21200522,I,G,0.0093636
21200522,J,G,0.0083268
21200522,K,G,0.0011988
21200523,A,G,0.107244
21200523,B,G,0.0049896
21200523,C,G,0.0120528
21200523,D,G,0.08991
21200523,E,G,0.0217404
21200523,F,G,0.0169452
21200523,G,A,0.145411
21200523,G,B,0.00567
21200523,G,C,0.0140292
21200523,G,D,0.106661
21200523,G,E,0.0256932
21200523,G,F,0.0188244
21200523,G,H,0.0109836
21200523,G,I,0.0080676
21200523,G,J,0.0107892
21200523,G,K,0.0014904
21200523,H,G,0.011988
21200523,I,G,0.0087804
21200523,J,G,0.00891
21200523,K,G,0.001296
21200524,A,G,0.096876
21200524,B,G,0.0051192
21200524,C,G,0.0115668
21200524,D,G,0.0695304
21200524,E,G,0.016686
21200524,F,G,0.0154224
21200524,G,A,0.0986904
21200524,G,B,0.004374
21200524,G,C,0.0103032
21200524,G,D,0.078894
21200524,G,E,0.0188568
21200524,G,F,0.0130248
21200524,G,H,0.0096228
21200524,G,I,0.0097524
21200524,G,J,0.008586
21200524,G,K,0.0008424
21200524,H,G,0.0095904
21200524,I,G,0.0070632
21200524,J,G,0.0070956
21200524,K,G,0.0008748
21200525,A,G,0.0969084
21200525,B,G,0.0049248
21200525,C,G,0.0118584
21200525,D,G,0.0800928
21200525,E,G,0.018954
21200525,F,G,0.0154872
21200525,G,A,0.10112
21200525,G,B,0.005508
21200525,G,C,0.011664
21200525,G,D,0.0786672
21200525,G,E,0.0193104
21200525,G,F,0.0134784
21200525,G,H,0.0100116
21200525,G,I,0.0082296
21200525,G,J,0.0089748
21200525,G,K,0.0011016
21200525,H,G,0.0104328
21200525,I,G,0.0096228
21200525,J,G,0.0074844
21200525,K,G,0.0009072
21200526,A,G,0.0969408
21200526,B,G,0.00486
21200526,C,G,0.011988
21200526,D,G,0.0846288
21200526,E,G,0.019926
21200526,F,G,0.0155196
21200526,G,A,0.10219
21200526,G,B,0.0060264
21200526,G,C,0.0122796
21200526,G,D,0.07857
21200526,G,E,0.0195372
21200526,G,F,0.0136728
21200526,G,H,0.010206
21200526,G,I,0.007614
21200526,G,J,0.0091692
21200526,G,K,0.0012312
21200526,H,G,0.0108216
21200526,I,G,0.0107568
21200526,J,G,0.0076788
21200526,K,G,0.0009396
21200527,A,G,0.10193
21200527,B,G,0.0052812
21200527,C,G,0.0116316
21200527,D,G,0.0793152
21200527,E,G,0.0202176
21200527,F,G,0.0156168
21200527,G,A,0.100375
21200527,G,B,0.0049896
21200527,G,C,0.010854
21200527,G,D,0.075492
21200527,G,E,0.0214164
21200527,G,F,0.0136728
21200527,G,H,0.0116316
21200527,G,I,0.0087804
21200527,G,J,0.0064152
21200527,G,K,0.0021384
21200527,H,G,0.0098496
21200527,I,G,0.007452
21200527,J,G,0.0081648
21200527,K,G,0.0008748
21200528,A,G,0.142139
21200528,B,G,0.0069012
21200528,C,G,0.0141588
21200528,D,G,0.110095
21200528,E,G,0.0226476
21200528,F,G,0.0182412
21200528,G,A,0.122245
21200528,G,B,0.0059292
21200528,G,C,0.0124092
21200528,G,D,0.09558
21200528,G,E,0.022032
21200528,G,F,0.015066
21200528,G,H,0.0141588
21200528,G,I,0.0123768
21200528,G,J,0.0101412
21200528,G,K,0.0016524
21200528,H,G,0.012474
21200528,I,G,0.0106272
21200528,J,G,0.0088128
21200528,K,G,0.0011988
21200529,A,G,0.103907
21200529,B,G,0.004212
21200529,C,G,0.0130572
21200529,D,G,0.0993708
21200529,E,G,0.022842
21200529,F,G,0.014904
21200529,G,A,0.103226
21200529,G,B,0.004212
21200529,G,C,0.0111132
21200529,G,D,0.0981072
21200529,G,E,0.0203796
21200529,G,F,0.011664
21200529,G,H,0.0097848
21200529,G,I,0.005994
21200529,G,J,0.0086832
21200529,G,K,0.000648
21200529,H,G,0.0112752
21200529,I,G,0.0088776
21200529,J,G,0.007614
21200529,K,G,0.0005184
21200530,A,G,0.124675
21200530,B,G,0.008262
21200530,C,G,0.0151956
21200530,D,G,0.0999216
21200530,E,G,0.023166
21200530,F,G,0.0166536
21200530,G,A,0.160996
21200530,G,B,0.0070632
21200530,G,C,0.014094
21200530,G,D,0.119394
21200530,G,E,0.0230688
21200530,G,F,0.0189216
21200530,G,H,0.0127656
21200530,G,I,0.0084888
21200530,G,J,0.011664
21200530,G,K,0.003402
21200530,H,G,0.0135756
21200530,I,G,0.0111456
21200530,J,G,0.0101736
21200530,K,G,0.0012312
21200531,A,G,0.105916
21200531,B,G,0.0060264
21200531,C,G,0.0122472
21200531,D,G,0.0960012
21200531,E,G,0.0191484
21200531,F,G,0.013446
21200531,G,A,0.140033
21200531,G,B,0.0049248
21200531,G,C,0.0119556
21200531,G,D,0.100894
21200531,G,E,0.0208332
21200531,G,F,0.0185328
21200531,G,H,0.0123768
21200531,G,I,0.0065448
21200531,G,J,0.0091368
21200531,G,K,0.0011016
21200531,H,G,0.0107568
21200531,I,G,0.008748
21200531,J,G,0.0086508
21200531,K,G,0.001134
21200601,A,G,0.0894888
21200601,B,G,0.0046656
21200601,C,G,0.0116316
21200601,D,G,0.0786348
21200601,E,G,0.0175608
21200601,F,G,0.0143208
21200601,G,A,0.105494
21200601,G,B,0.0039204
21200601,G,C,0.0116316
21200601,G,D,0.0829116
21200601,G,E,0.0188892
21200601,G,F,0.0122148
21200601,G,H,0.00972
21200601,G,I,0.0064152
21200601,G,J,0.0094608
21200601,G,K,0.000648
21200601,H,G,0.011178
21200601,I,G,0.0092988
21200601,J,G,0.0079704
21200601,K,G,0.0010368
21200602,A,G,0.081162
21200602,B,G,0.004698
21200602,C,G,0.0117936
21200602,D,G,0.0767556
21200602,E,G,0.0161028
21200602,F,G,0.0135756
21200602,G,A,0.0927288
21200602,G,B,0.005508
21200602,G,C,0.0110808
21200602,G,D,0.0749412
21200602,G,E,0.0158436
21200602,G,F,0.0096876
21200602,G,H,0.009234
21200602,G,I,0.0070956
21200602,G,J,0.0078408
21200602,G,K,0.0007452
21200602,H,G,0.0088776
21200602,I,G,0.0065448
21200602,J,G,0.0058968
21200602,K,G,0.0011016
21200603,A,G,0.062694
21200603,B,G,0.0048924
21200603,C,G,0.0117288
21200603,D,G,0.0738396
21200603,E,G,0.0175284
21200603,F,G,0.0128304
21200603,G,A,0.240408
21200603,G,B,0.0047952
21200603,G,C,0.0100764
21200603,G,D,0.0713772
21200603,G,E,0.017658
21200603,G,F,0.0116316
21200603,G,H,0.0109188
21200603,G,I,0.0072252
21200603,G,J,0.0073224
21200603,G,K,0.0008748
21200603,H,G,0.0089748
21200603,I,G,0.0073872
21200603,J,G,0.0063828
21200603,K,G,0.0007776
21200604,A,G,0.0429624
21200604,B,G,0.0054756
21200604,C,G,0.0130896
21200604,D,G,0.077274
21200604,E,G,0.0180792
21200604,F,G,0.0152928
21200604,G,A,0.206064
21200604,G,B,0.0037584
21200604,G,C,0.0098172
21200604,G,D,0.0724464
21200604,G,E,0.01782
21200604,G,F,0.0121824
21200604,G,H,0.0104976
21200604,G,I,0.0065772
21200604,G,J,0.006966
21200604,G,K,0.0008424
21200604,H,G,0.011502
21200604,I,G,0.007128
21200604,J,G,0.0092988
21200604,K,G,0.000972
21200605,A,G,0.027864
21200605,B,G,0.007128
21200605,C,G,0.0122796
21200605,D,G,0.10193
21200605,E,G,0.0201852
21200605,F,G,0.0167184
21200605,G,A,0.160639
21200605,G,B,0.0052812
21200605,G,C,0.011178
21200605,G,D,0.0897804
21200605,G,E,0.0190512
21200605,G,F,0.0159084
21200605,G,H,0.0118908
21200605,G,I,0.0038556
21200605,G,J,0.0099144
21200605,G,K,0.0012312
21200605,H,G,0.0121824
21200605,I,G,0.0017172
21200605,J,G,0.0084888
21200605,K,G,0.0012636
21200606,A,G,0.0480816
21200606,B,G,0.0038556
21200606,C,G,0.0115668
21200606,D,G,0.090558
21200606,E,G,0.0188892
21200606,F,G,0.0162
21200606,G,A,0.226994
21200606,G,B,0.004698
21200606,G,C,0.0104004
21200606,G,D,0.0846288
21200606,G,E,0.0223236
21200606,G,F,0.0117936
21200606,G,H,0.0105948
21200606,G,I,0.0074844
21200606,G,J,0.0094932
21200606,G,K,0.0009396
21200606,H,G,0.0093312
21200606,I,G,0.0042768
21200606,J,G,0.0074196
21200606,K,G,0.0007452
21200607,A,G,0.062694
21200607,B,G,0.0039204
21200607,C,G,0.0124092
21200607,D,G,0.0859572
21200607,E,G,0.0199584
21200607,F,G,0.0141912
21200607,G,A,0.240408
21200607,G,B,0.005508
21200607,G,C,0.0097524
21200607,G,D,0.0941544
21200607,G,E,0.022032
21200607,G,F,0.0148716
21200607,G,H,0.0096228
21200607,G,I,0.009396
21200607,G,J,0.0081972
21200607,G,K,0.001134
21200607,H,G,0.0102384
21200607,I,G,0.0046656
21200607,J,G,0.0083916
21200607,K,G,0.0010692
21200608,A,G,0.0227772
21200608,B,G,0.0049248
21200608,C,G,0.0114372
21200608,D,G,0.0746172
21200608,E,G,0.017982
21200608,F,G,0.0133812
21200608,G,A,0.155228
21200608,G,B,0.0047304
21200608,G,C,0.0095904
21200608,G,D,0.0807084
21200608,G,E,0.0194724
21200608,G,F,0.0117936
21200608,G,H,0.0098496
21200608,G,I,0.0033696
21200608,G,J,0.0075492
21200608,G,K,0.0006804
21200608,H,G,0.0091368
21200608,I,G,0.0023328
21200608,J,G,0.0063828
21200608,K,G,0.0008748
21200609,A,G,0.0136404
21200609,B,G,0.0041148
21200609,C,G,0.008586
21200609,D,G,0.0715392
21200609,E,G,0.0153252
21200609,F,G,0.01215
21200609,G,A,0.0540432
21200609,G,B,0.0037908
21200609,G,C,0.0098172
21200609,G,D,0.0718308
21200609,G,E,0.018306
21200609,G,F,0.0107892
21200609,G,H,0.0089424
21200609,G,I,0.0011988
21200609,G,J,0.0071928
21200609,G,K,0.0011016
21200609,H,G,0.0072252
21200609,I,G,0.0003888
21200609,J,G,0.0065448
21200609,K,G,0.0011664
21200610,A,G,0.0429624
21200610,B,G,0.0049572
21200610,C,G,0.0097524
21200610,D,G,0.0714744
21200610,E,G,0.01782
21200610,F,G,0.0128628
21200610,G,A,0.206064
21200610,G,B,0.0046656
21200610,G,C,0.009558
21200610,G,D,0.0705024
21200610,G,E,0.015552
21200610,G,F,0.0109188
21200610,G,H,0.0089748
21200610,G,I,0.007128
21200610,G,J,0.0073548
21200610,G,K,0.000972
21200610,H,G,0.0087804
21200610,I,G,0.0032724
21200610,J,G,0.00648
21200610,K,G,0.0010368
21200611,A,G,0.0145152
21200611,B,G,0.0046008
21200611,C,G,0.0100764
21200611,D,G,0.0786996
21200611,E,G,0.0177228
21200611,F,G,0.013284
21200611,G,A,0.113206
21200611,G,B,0.0050868
21200611,G,C,0.0103032
21200611,G,D,0.068526
21200611,G,E,0.0202176
21200611,G,F,0.011016
21200611,G,H,0.0094932
21200611,G,I,0.0020412
21200611,G,J,0.00729
21200611,G,K,0.0015552
21200611,H,G,0.0086508
21200611,I,G,0.0010044
21200611,J,G,0.005994
21200611,K,G,0.0012636
21200612,A,G,0.100991
21200612,B,G,0.0052488
21200612,C,G,0.0124092
21200612,D,G,0.0988848
21200612,E,G,0.0195048
21200612,F,G,0.01539
21200612,G,A,0.275594
21200612,G,B,0.005022
21200612,G,C,0.0111132
21200612,G,D,0.088128
21200612,G,E,0.0210924
21200612,G,F,0.0145152
21200612,G,H,0.0124092
21200612,G,I,0.0104328
21200612,G,J,0.0312984
21200612,G,K,0.001458
21200612,H,G,0.011826
21200612,I,G,0.0084888
21200612,J,G,0.0065772
21200612,K,G,0.0006156
21200613,A,G,0.0227772
21200613,B,G,0.0047628
21200613,C,G,0.0115992
21200613,D,G,0.0906552
21200613,E,G,0.0198936
21200613,F,G,0.0137052
21200613,G,A,0.155228
21200613,G,B,0.0037584
21200613,G,C,0.0091692
21200613,G,D,0.0860544
21200613,G,E,0.0185652
21200613,G,F,0.0109836
21200613,G,H,0.0084564
21200613,G,I,0.0033696
21200613,G,J,0.0121176
21200613,G,K,0.0009072
21200613,H,G,0.0104976
21200613,I,G,0.0023328
21200613,J,G,0.0024624
21200613,K,G,0.0010368
21200614,A,G,0.027864
21200614,B,G,0.0046008
21200614,C,G,0.0107892
21200614,D,G,0.0924372
21200614,E,G,0.018792
21200614,F,G,0.014256
21200614,G,A,0.160639
21200614,G,B,0.0048924
21200614,G,C,0.0104328
21200614,G,D,0.0941544
21200614,G,E,0.0190188
21200614,G,F,0.0153252
21200614,G,H,0.0105948
21200614,G,I,0.0038556
21200614,G,J,0.0122148
21200614,G,K,0.0009396
21200614,H,G,0.0106272
21200614,I,G,0.0017172
21200614,J,G,0.0023976
21200614,K,G,0.0011988
21200615,A,G,0.0145152
21200615,B,G,0.0042444
21200615,C,G,0.0103356
21200615,D,G,0.0785052
21200615,E,G,0.0154224
21200615,F,G,0.013284
21200615,G,A,0.113206
21200615,G,B,0.0055728
21200615,G,C,0.0104976
21200615,G,D,0.08181
21200615,G,E,0.01782
21200615,G,F,0.0130896
21200615,G,H,0.0100764
21200615,G,I,0.0020412
21200615,G,J,0.0073224
21200615,G,K,0.0012312
21200615,H,G,0.0112752
21200615,I,G,0.0010044
21200615,J,G,0.0010692
21200615,K,G,0.0013608
21200616,A,G,0.0149364
21200616,B,G,0.0045036
21200616,C,G,0.0101412
21200616,D,G,0.0716364
21200616,E,G,0.014742
21200616,F,G,0.0130896
21200616,G,A,0.0772416
21200616,G,B,0.0034668
21200616,G,C,0.0098172
21200616,G,D,0.0713124
21200616,G,E,0.0177552
21200616,G,F,0.01053
21200616,G,H,0.0083916
21200616,G,I,0.0008748
21200616,G,J,0.005832
21200616,G,K,0.0008424
21200616,H,G,0.009558
21200616,I,G,0.000486
21200616,J,G,0.0010368
21200616,K,G,0.0008748
21200617,A,G,0.011502
21200617,B,G,0.0035316
21200617,C,G,0.014418
21200617,D,G,0.0728028
21200617,E,G,0.0165888
21200617,F,G,0.0130572
21200617,G,A,0.0418932
21200617,G,B,0.0031752
21200617,G,C,0.0094932
21200617,G,D,0.0701784
21200617,G,E,0.0169776
21200617,G,F,0.010692
21200617,G,H,0.0086832
21200617,G,I,0.0005508
21200617,G,J,0.004374
21200617,G,K,0.0009072
21200617,H,G,0.0091692
21200617,I,G,0.0002268
21200617,J,G,0.0014256
21200617,K,G,0.0009396
21200618,A,G,0.0136404
21200618,B,G,0.0041472
21200618,C,G,0.011502
21200618,D,G,0.0771768
21200618,E,G,0.0161028
21200618,F,G,0.016362
21200618,G,A,0.0540432
21200618,G,B,0.0046332
21200618,G,C,0.0107244
21200618,G,D,0.0687852
21200618,G,E,0.0172368
21200618,G,F,0.0127008
21200618,G,H,0.0092988
21200618,G,I,0.0011988
21200618,G,J,0.0048924
21200618,G,K,0.0008424
21200618,H,G,0.0093312
21200618,I,G,0.0003888
21200618,J,G,0.0010044
21200618,K,G,0.0006804
21200619,A,G,0.0114048
21200619,B,G,0.0057672
21200619,C,G,0.01863
21200619,D,G,0.114048
21200619,E,G,0.0200556
21200619,F,G,0.0198612
21200619,G,A,0.032886
21200619,G,B,0.004698
21200619,G,C,0.0111456
21200619,G,D,0.0812592
21200619,G,E,0.020574
21200619,G,F,0.0224532
21200619,G,H,0.0112428
21200619,G,I,0.0005832
21200619,G,J,0.0028188
21200619,G,K,0.0007776
21200619,H,G,0.0138996
21200619,I,G,0.0002268
21200619,J,G,0.001458
21200619,K,G,0.0010044
21200620,A,G,0.0116316
21200620,B,G,0.0053136
21200620,C,G,0.0106272
21200620,D,G,0.0950616
21200620,E,G,0.0158112
21200620,F,G,0.01782
21200620,G,A,0.0569592
21200620,G,B,0.005022
21200620,G,C,0.0074196
21200620,G,D,0.0790884
21200620,G,E,0.01944
21200620,G,F,0.0091692
21200620,G,H,0.0101088
21200620,G,I,0.0005184
21200620,G,J,0.002754
21200620,G,K,0.00081
21200620,H,G,0.0096228
21200620,I,G,9.72e-05
21200620,J,G,0.001134
21200620,K,G,0.0005832
21200621,A,G,0.0108216
21200621,B,G,0.0041148
21200621,C,G,0.0107892
21200621,D,G,0.0833004
21200621,E,G,0.0180792
21200621,F,G,0.001944
21200621,G,A,0.044388
21200621,G,B,0.004698
21200621,G,C,0.0109836
21200621,G,D,0.0940248
21200621,G,E,0.01782
21200621,G,F,0.0128952
21200621,G,H,0.0103032
21200621,G,I,0.000324
21200621,G,J,0.0031104
21200621,G,K,0.000162
21200621,H,G,0.009396
21200621,I,G,0.0001944
21200621,J,G,0.0020088
21200621,K,G,6.48e-05
21200622,A,G,0.011988
21200622,B,G,0.0036288
21200622,C,G,0.000162
21200622,D,G,0.0717984
21200622,E,G,0.0171396
21200622,F,G,0.001944
21200622,G,A,0.0761076
21200622,G,B,0.0059292
21200622,G,C,0.000486
21200622,G,D,0.0847908
21200622,G,E,0.0171072
21200622,G,F,0.0185652
21200622,G,H,0.0089424
21200622,G,I,0.0009072
21200622,G,J,0.0040824
21200622,G,K,0.000324
21200622,H,G,0.0077112
21200622,I,G,0.0004536
21200622,J,G,0.0016524
21200622,K,G,9.72e-05
21200623,A,G,0.0130896
21200623,B,G,0.003402
21200623,C,G,0.0002916
21200623,D,G,0.065934
21200623,E,G,0.0138996
21200623,F,G,0.0014256
21200623,G,A,0.069984
21200623,G,B,0.0036936
21200623,G,C,0.0005508
21200623,G,D,0.0687852
21200623,G,E,0.0167184
21200623,G,F,0.0148716
21200623,G,H,0.0080028
21200623,G,I,0.0005184
21200623,G,J,0.0040824
21200623,G,K,0.000162
21200623,H,G,0.0077436
21200623,I,G,0.0001944
21200623,J,G,0.0013608
21200623,K,G,9.72e-05
21200624,A,G,0.0227772
21200624,B,G,0.0033372
21200624,C,G,0.002268
21200624,D,G,0.0671652
21200624,E,G,0.0161676
21200624,F,G,0.0028512
21200624,G,A,0.155228
21200624,G,B,0.0038556
21200624,G,C,0.0026892
21200624,G,D,0.0658692
21200624,G,E,0.016686
21200624,G,F,0.0323352
21200624,G,H,0.0084564
21200624,G,I,0.0033696
21200624,G,J,0.0121176
21200624,G,K,0.0009396
21200624,H,G,0.007614
21200624,I,G,0.0023328
21200624,J,G,0.0024624
21200624,K,G,9.72e-05
21200625,A,G,0.027864
21200625,B,G,0.0039528
21200625,C,G,0.0034344
21200625,D,G,0.067716
21200625,E,G,0.016524
21200625,F,G,0.002916
21200625,G,A,0.160639
21200625,G,B,0.00405
21200625,G,C,0.0034992
21200625,G,D,0.0698544
21200625,G,E,0.0140292
21200625,G,F,0.032238
21200625,G,H,0.0086184
21200625,G,I,0.0038556
21200625,G,J,0.0122148
21200625,G,K,0.0011988
21200625,H,G,0.0089424
21200625,I,G,0.0017172
21200625,J,G,0.0023976
21200625,K,G,0.0001296
21200626,A,G,0.0145152
21200626,B,G,0.0049572
21200626,C,G,0.00081
21200626,D,G,0.08667
21200626,E,G,0.0180144
21200626,F,G,0.0023976
21200626,G,A,0.113206
21200626,G,B,0.0037584
21200626,G,C,0.0013608
21200626,G,D,0.0775008
21200626,G,E,0.017982
21200626,G,F,0.02592
21200626,G,H,0.0115344
21200626,G,I,0.0020412
21200626,G,J,0.0073224
21200626,G,K,0.000486
21200626,H,G,0.010368
21200626,I,G,0.0010044
21200626,J,G,0.0010692
21200626,K,G,0.000162
21200627,A,G,0.0149364
21200627,B,G,0.0034668
21200627,C,G,0.0007776
21200627,D,G,0.075168
21200627,E,G,0.0148068
21200627,F,G,0.00243
21200627,G,A,0.0772416
21200627,G,B,0.0032076
21200627,G,C,0.0010692
21200627,G,D,0.0737424
21200627,G,E,0.0167184
21200627,G,F,0.0149688
21200627,G,H,0.009234
21200627,G,I,0.0008748
21200627,G,J,0.005832
21200627,G,K,0.0001944
21200627,H,G,0.0092016
21200627,I,G,0.000486
21200627,J,G,0.0010368
21200627,K,G,9.72e-05
21200628,A,G,0.011502
21200628,B,G,0.0037908
21200628,C,G,0.0002592
21200628,D,G,0.0786996
21200628,E,G,0.015552
21200628,F,G,0.0017496
21200628,G,A,0.0418932
21200628,G,B,0.0036288
21200628,G,C,0.0007128
21200628,G,D,0.0760104
21200628,G,E,0.016848
21200628,G,F,0.0127008
21200628,G,H,0.0088128
21200628,G,I,0.0005508
21200628,G,J,0.004374
21200628,G,K,0.000486
21200628,H,G,0.009882
21200628,I,G,0.0002268
21200628,J,G,0.0014256
21200628,K,G,9.72e-05
21200629,A,G,0.0136404
21200629,B,G,0.0043092
21200629,C,G,0.0006156
21200629,D,G,0.0832032
21200629,E,G,0.0140616
21200629,F,G,0.0022032
21200629,G,A,0.0540432
21200629,G,B,0.0032724
21200629,G,C,0.00081
21200629,G,D,0.0670356
21200629,G,E,0.0172044
21200629,G,F,0.0121824
21200629,G,H,0.0089748
21200629,G,I,0.0011988
21200629,G,J,0.0048924
21200629,G,K,0.0003888
21200629,H,G,0.0091692
21200629,I,G,0.0003888
21200629,J,G,0.0010044
21200629,K,G,3.24e-05
