E,0,21200501,0.0
E,0,21200502,0.0
E,0,21200503,0.0
E,0,21200504,0.0
E,0,21200505,0.0
E,0,21200506,0.0
E,0,21200507,0.0
E,0,21200508,0.0
E,0,21200509,0.0
E,0,21200510,0.0
E,0,21200511,0.0
E,0,21200512,0.0
E,0,21200513,0.0
E,0,21200514,0.0
E,0,21200515,0.0
E,0,21200516,0.0
E,0,21200517,0.0
E,0,21200518,0.0
E,0,21200519,0.0
E,0,21200520,0.0
E,0,21200521,0.0
E,0,21200522,0.0
E,0,21200523,0.0
E,0,21200524,0.0
E,0,21200525,0.0
E,0,21200526,0.0
E,0,21200527,0.0
E,0,21200528,0.0
E,0,21200529,0.0
E,0,21200530,0.0
E,0,21200531,0.0
E,0,21200601,1.9459101490553132
E,0,21200602,0.0
E,0,21200603,1.0986122886681098
E,0,21200604,1.6094379124341003
E,0,21200605,2.0794415416798357
E,0,21200606,1.791759469228055
E,0,21200607,2.70805020110221
E,0,21200608,1.0986122886681098
E,0,21200609,1.0986122886681098
E,0,21200610,2.1972245773362196
E,0,21200611,1.791759469228055
E,0,21200612,3.4339872044851463
E,0,21200613,2.5649493574615367
E,0,21200614,3.784189633918261
E,0,21200615,3.58351893845611
E,0,21200616,3.332204510175204
E,0,21200617,3.713572066704308
E,0,21200618,3.8501476017100584
E,0,21200619,3.6888794541139363
E,0,21200620,3.4339872044851463
E,0,21200621,3.713572066704308
E,0,21200622,4.1588830833596715
E,0,21200623,3.828641396489095
E,0,21200624,3.713572066704308
E,0,21200625,4.219507705176107
E,0,21200626,4.48863636973214
E,0,21200627,3.9889840465642745
E,0,21200628,3.7376696182833684
E,0,21200629,3.6888794541139363
E,1,21200501,0.0
E,1,21200502,0.0
E,1,21200503,0.0
E,1,21200504,0.0
E,1,21200505,0.0
E,1,21200506,0.0
E,1,21200507,0.0
E,1,21200508,0.0
E,1,21200509,0.0
E,1,21200510,0.0
E,1,21200511,0.0
E,1,21200512,0.0
E,1,21200513,0.0
E,1,21200514,0.0
E,1,21200515,0.0
E,1,21200516,0.0
E,1,21200517,0.0
E,1,21200518,0.0
E,1,21200519,0.0
E,1,21200520,0.0
E,1,21200521,0.0
E,1,21200522,0.0
E,1,21200523,0.0
E,1,21200524,0.0
E,1,21200525,0.0
E,1,21200526,0.0
E,1,21200527,0.0
E,1,21200528,0.0
E,1,21200529,0.0
E,1,21200530,0.0
E,1,21200531,0.0
E,1,21200601,0.6931471805599453
E,1,21200602,0.0
E,1,21200603,2.5649493574615367
E,1,21200604,2.70805020110221
E,1,21200605,3.367295829986474
E,1,21200606,2.3978952727983707
E,1,21200607,2.9444389791664403
E,1,21200608,2.4849066497880004
E,1,21200609,2.302585092994046
E,1,21200610,3.1780538303479458
E,1,21200611,3.6375861597263857
E,1,21200612,3.7612001156935624
E,1,21200613,3.1780538303479458
E,1,21200614,3.58351893845611
E,1,21200615,3.58351893845611
E,1,21200616,3.6109179126442243
E,1,21200617,3.871201010907891
E,1,21200618,4.04305126783455
E,1,21200619,3.4965075614664802
E,1,21200620,3.828641396489095
E,1,21200621,3.6109179126442243
E,1,21200622,3.8501476017100584
E,1,21200623,3.9318256327243257
E,1,21200624,3.7612001156935624
E,1,21200625,3.784189633918261
E,1,21200626,3.8066624897703196
E,1,21200627,3.6635616461296463
E,1,21200628,3.6888794541139363
E,1,21200629,3.044522437723423
E,2,21200501,0.0
E,2,21200502,0.0
E,2,21200503,0.0
E,2,21200504,0.0
E,2,21200505,0.0
E,2,21200506,0.0
E,2,21200507,0.0
E,2,21200508,0.0
E,2,21200509,0.0
E,2,21200510,0.0
E,2,21200511,0.0
E,2,21200512,0.0
E,2,21200513,0.0
E,2,21200514,0.0
E,2,21200515,0.0
E,2,21200516,0.0
E,2,21200517,0.0
E,2,21200518,0.0
E,2,21200519,0.0
E,2,21200520,0.0
E,2,21200521,0.0
E,2,21200522,0.0
E,2,21200523,0.0
E,2,21200524,0.0
E,2,21200525,0.0
E,2,21200526,0.0
E,2,21200527,0.0
E,2,21200528,0.0
E,2,21200529,1.6094379124341003
E,2,21200530,0.6931471805599453
E,2,21200531,1.791759469228055
E,2,21200601,1.791759469228055
E,2,21200602,2.5649493574615367
E,2,21200603,3.4965075614664802
E,2,21200604,3.4011973816621555
E,2,21200605,4.290459441148391
E,2,21200606,4.406719247264253
E,2,21200607,4.442651256490317
E,2,21200608,4.6913478822291435
E,2,21200609,4.663439094112067
E,2,21200610,5.4638318050256105
E,2,21200611,5.472270673671475
E,2,21200612,5.560681631015528
E,2,21200613,5.66988092298052
E,2,21200614,5.934894195619588
E,2,21200615,6.049733455231958
E,2,21200616,6.18826412308259
E,2,21200617,6.182084906716632
E,2,21200618,5.973809611869261
E,2,21200619,5.961005339623274
E,2,21200620,5.703782474656201
E,2,21200621,5.934894195619588
E,2,21200622,5.849324779946859
E,2,21200623,5.84354441703136
E,2,21200624,5.966146739123692
E,2,21200625,5.902633333401366
E,2,21200626,5.84354441703136
E,2,21200627,5.87493073085203
E,2,21200628,5.631211781821365
E,2,21200629,5.598421958998375
E,3,21200501,0.0
E,3,21200502,0.0
E,3,21200503,0.0
E,3,21200504,0.0
E,3,21200505,0.0
E,3,21200506,0.0
E,3,21200507,0.0
E,3,21200508,0.0
E,3,21200509,0.0
E,3,21200510,0.0
E,3,21200511,0.0
E,3,21200512,0.0
E,3,21200513,0.0
E,3,21200514,0.0
E,3,21200515,0.0
E,3,21200516,0.0
E,3,21200517,0.0
E,3,21200518,0.0
E,3,21200519,0.0
E,3,21200520,0.0
E,3,21200521,0.0
E,3,21200522,0.0
E,3,21200523,0.0
E,3,21200524,0.0
E,3,21200525,0.0
E,3,21200526,0.0
E,3,21200527,0.0
E,3,21200528,0.0
E,3,21200529,0.0
E,3,21200530,0.0
E,3,21200531,0.0
E,3,21200601,0.0
E,3,21200602,1.0986122886681098
E,3,21200603,2.0794415416798357
E,3,21200604,2.70805020110221
E,3,21200605,3.6888794541139363
E,3,21200606,3.5263605246161616
E,3,21200607,2.9444389791664403
E,3,21200608,3.58351893845611
E,3,21200609,3.784189633918261
E,3,21200610,4.663439094112067
E,3,21200611,4.5217885770490405
E,3,21200612,4.7535901911063645
E,3,21200613,4.976733742420574
E,3,21200614,5.25227342804663
E,3,21200615,5.313205979041787
E,3,21200616,5.384495062789089
E,3,21200617,5.4638318050256105
E,3,21200618,5.308267697401205
E,3,21200619,5.236441962829949
E,3,21200620,5.308267697401205
E,3,21200621,5.147494476813453
E,3,21200622,5.1298987149230735
E,3,21200623,5.043425116919247
E,3,21200624,5.225746673713202
E,3,21200625,5.231108616854587
E,3,21200626,5.236441962829949
E,3,21200627,4.804021044733257
E,3,21200628,4.727387818712341
E,3,21200629,4.74493212836325
E,4,21200501,0.0
E,4,21200502,0.0
E,4,21200503,0.0
E,4,21200504,0.0
E,4,21200505,0.0
E,4,21200506,0.0
E,4,21200507,0.0
E,4,21200508,0.0
E,4,21200509,0.0
E,4,21200510,0.0
E,4,21200511,0.0
E,4,21200512,0.0
E,4,21200513,0.0
E,4,21200514,0.0
E,4,21200515,0.0
E,4,21200516,0.0
E,4,21200517,0.0
E,4,21200518,0.0
E,4,21200519,0.0
E,4,21200520,0.0
E,4,21200521,0.0
E,4,21200522,0.0
E,4,21200523,0.0
E,4,21200524,0.0
E,4,21200525,0.0
E,4,21200526,0.0
E,4,21200527,0.0
E,4,21200528,0.0
E,4,21200529,0.0
E,4,21200530,0.6931471805599453
E,4,21200531,0.0
E,4,21200601,1.6094379124341003
E,4,21200602,1.6094379124341003
E,4,21200603,1.9459101490553132
E,4,21200604,2.70805020110221
E,4,21200605,3.6635616461296463
E,4,21200606,2.9444389791664403
E,4,21200607,3.091042453358316
E,4,21200608,3.258096538021482
E,4,21200609,3.6109179126442243
E,4,21200610,3.970291913552122
E,4,21200611,4.219507705176107
E,4,21200612,4.564348191467836
E,4,21200613,4.584967478670572
E,4,21200614,4.820281565605037
E,4,21200615,4.90527477843843
E,4,21200616,5.030437921392435
E,4,21200617,4.836281906951478
E,4,21200618,4.77912349311153
E,4,21200619,4.653960350157523
E,4,21200620,4.5217885770490405
E,4,21200621,4.48863636973214
E,4,21200622,4.836281906951478
E,4,21200623,4.499809670330265
E,4,21200624,4.663439094112067
E,4,21200625,4.68213122712422
E,4,21200626,4.709530201312334
E,4,21200627,4.653960350157523
E,4,21200628,4.204692619390966
E,4,21200629,4.060443010546419
E,5,21200501,0.0
E,5,21200502,0.0
E,5,21200503,0.0
E,5,21200504,0.0
E,5,21200505,0.0
E,5,21200506,0.0
E,5,21200507,0.0
E,5,21200508,0.0
E,5,21200509,0.0
E,5,21200510,0.0
E,5,21200511,0.0
E,5,21200512,0.0
E,5,21200513,0.0
E,5,21200514,0.0
E,5,21200515,0.0
E,5,21200516,0.0
E,5,21200517,0.0
E,5,21200518,0.0
E,5,21200519,0.0
E,5,21200520,0.0
E,5,21200521,0.0
E,5,21200522,0.0
E,5,21200523,0.0
E,5,21200524,0.0
E,5,21200525,0.0
E,5,21200526,0.0
E,5,21200527,0.0
E,5,21200528,0.0
E,5,21200529,0.0
E,5,21200530,0.0
E,5,21200531,0.0
E,5,21200601,0.0
E,5,21200602,0.0
E,5,21200603,0.6931471805599453
E,5,21200604,1.0986122886681098
E,5,21200605,2.1972245773362196
E,5,21200606,1.791759469228055
E,5,21200607,0.0
E,5,21200608,2.0794415416798357
E,5,21200609,1.6094379124341003
E,5,21200610,2.4849066497880004
E,5,21200611,2.5649493574615367
E,5,21200612,3.6888794541139363
E,5,21200613,3.4657359027997265
E,5,21200614,3.4011973816621555
E,5,21200615,3.9512437185814275
E,5,21200616,4.23410650459726
E,5,21200617,4.330733340286331
E,5,21200618,4.406719247264253
E,5,21200619,4.02535169073515
E,5,21200620,4.330733340286331
E,5,21200621,4.51085950651685
E,5,21200622,4.0943445622221
E,5,21200623,3.9512437185814275
E,5,21200624,4.07753744390572
E,5,21200625,4.23410650459726
E,5,21200626,4.406719247264253
E,5,21200627,4.060443010546419
E,5,21200628,3.9318256327243257
E,5,21200629,3.8066624897703196
E,6,21200501,0.0
E,6,21200502,0.0
E,6,21200503,0.0
E,6,21200504,0.0
E,6,21200505,0.0
E,6,21200506,0.0
E,6,21200507,0.0
E,6,21200508,0.0
E,6,21200509,0.0
E,6,21200510,0.0
E,6,21200511,0.0
E,6,21200512,0.0
E,6,21200513,0.0
E,6,21200514,0.0
E,6,21200515,0.0
E,6,21200516,0.0
E,6,21200517,0.0
E,6,21200518,0.0
E,6,21200519,0.0
E,6,21200520,0.0
E,6,21200521,0.0
E,6,21200522,0.0
E,6,21200523,0.0
E,6,21200524,0.0
E,6,21200525,1.0986122886681098
E,6,21200526,0.6931471805599453
E,6,21200527,0.0
E,6,21200528,1.3862943611198906
E,6,21200529,0.0
E,6,21200530,1.791759469228055
E,6,21200531,1.3862943611198906
E,6,21200601,1.0986122886681098
E,6,21200602,1.791759469228055
E,6,21200603,2.4849066497880004
E,6,21200604,1.791759469228055
E,6,21200605,2.4849066497880004
E,6,21200606,2.70805020110221
E,6,21200607,3.091042453358316
E,6,21200608,2.9444389791664403
E,6,21200609,3.258096538021482
E,6,21200610,3.8066624897703196
E,6,21200611,3.784189633918261
E,6,21200612,4.219507705176107
E,6,21200613,4.718498871295094
E,6,21200614,4.454347296253507
E,6,21200615,4.574710978503383
E,6,21200616,4.718498871295094
E,6,21200617,4.762173934797756
E,6,21200618,4.74493212836325
E,6,21200619,5.062595033026967
E,6,21200620,4.7535901911063645
E,6,21200621,4.709530201312334
E,6,21200622,4.7535901911063645
E,6,21200623,4.727387818712341
E,6,21200624,4.7535901911063645
E,6,21200625,4.709530201312334
E,6,21200626,4.672828834461906
E,6,21200627,4.718498871295094
E,6,21200628,4.499809670330265
E,6,21200629,4.477336814478207
E,7,21200501,0.0
E,7,21200502,0.0
E,7,21200503,0.0
E,7,21200504,0.0
E,7,21200505,0.0
E,7,21200506,0.0
E,7,21200507,0.0
E,7,21200508,0.0
E,7,21200509,0.0
E,7,21200510,0.0
E,7,21200511,0.0
E,7,21200512,0.0
E,7,21200513,0.0
E,7,21200514,0.0
E,7,21200515,0.0
E,7,21200516,0.0
E,7,21200517,0.0
E,7,21200518,0.0
E,7,21200519,0.0
E,7,21200520,0.0
E,7,21200521,0.0
E,7,21200522,0.0
E,7,21200523,0.0
E,7,21200524,0.0
E,7,21200525,0.0
E,7,21200526,0.0
E,7,21200527,1.0986122886681098
E,7,21200528,0.0
E,7,21200529,1.3862943611198906
E,7,21200530,2.5649493574615367
E,7,21200531,2.0794415416798357
E,7,21200601,3.2188758248682006
E,7,21200602,3.8918202981106265
E,7,21200603,4.356708826689592
E,7,21200604,4.553876891600541
E,7,21200605,4.875197323201151
E,7,21200606,4.875197323201151
E,7,21200607,5.198497031265826
E,7,21200608,5.662960480135946
E,7,21200609,5.872117789475416
E,7,21200610,6.042632833682381
E,7,21200611,6.302618975744905
E,7,21200612,6.688354713946762
E,7,21200613,6.837332814685591
E,7,21200614,6.856461984594587
E,7,21200615,6.898714534329988
E,7,21200616,6.946975992135418
E,7,21200617,7.017506142941256
E,7,21200618,6.946013991099227
E,7,21200619,6.811244378601294
E,7,21200620,6.593044534142437
E,7,21200621,6.6039438246004725
E,7,21200622,6.674561391814426
E,7,21200623,6.612041034833092
E,7,21200624,6.648984550024776
E,7,21200625,6.601230118728877
E,7,21200626,6.568077911411976
E,7,21200627,6.450470422144176
E,7,21200628,6.210600077024653
E,7,21200629,6.2422232654551655
E,8,21200501,0.0
E,8,21200502,0.0
E,8,21200503,0.0
E,8,21200504,0.0
E,8,21200505,0.0
E,8,21200506,0.0
E,8,21200507,0.0
E,8,21200508,0.0
E,8,21200509,0.0
E,8,21200510,0.0
E,8,21200511,0.0
E,8,21200512,0.0
E,8,21200513,0.0
E,8,21200514,0.0
E,8,21200515,0.0
E,8,21200516,0.0
E,8,21200517,0.0
E,8,21200518,0.0
E,8,21200519,0.0
E,8,21200520,0.0
E,8,21200521,0.0
E,8,21200522,0.0
E,8,21200523,0.0
E,8,21200524,0.0
E,8,21200525,0.0
E,8,21200526,0.0
E,8,21200527,0.0
E,8,21200528,1.3862943611198906
E,8,21200529,1.0986122886681098
E,8,21200530,0.6931471805599453
E,8,21200531,2.3978952727983707
E,8,21200601,2.9444389791664403
E,8,21200602,2.995732273553991
E,8,21200603,3.4339872044851463
E,8,21200604,4.127134385045092
E,8,21200605,4.189654742026425
E,8,21200606,4.143134726391533
E,8,21200607,3.912023005428146
E,8,21200608,4.465908118654584
E,8,21200609,4.997212273764115
E,8,21200610,5.10594547390058
E,8,21200611,5.4680601411351315
E,8,21200612,5.752572638825633
E,8,21200613,5.717027701406222
E,8,21200614,5.8998973535824915
E,8,21200615,6.066108090103747
E,8,21200616,6.206575926724928
E,8,21200617,6.342121418721152
E,8,21200618,6.1903154058531475
E,8,21200619,6.272877006546167
E,8,21200620,6.089044875446846
E,8,21200621,6.0063531596017325
E,8,21200622,6.3080984415095305
E,8,21200623,6.0844994130751715
E,8,21200624,6.212606095751519
E,8,21200625,6.255750041753367
E,8,21200626,6.29156913955832
E,8,21200627,6.07073772800249
E,8,21200628,5.780743515792329
E,8,21200629,5.961005339623274
E,9,21200501,0.0
E,9,21200502,0.0
E,9,21200503,0.0
E,9,21200504,0.0
E,9,21200505,0.0
E,9,21200506,0.0
E,9,21200507,0.0
E,9,21200508,0.0
E,9,21200509,0.0
E,9,21200510,0.0
E,9,21200511,0.0
E,9,21200512,0.0
E,9,21200513,0.0
E,9,21200514,0.0
E,9,21200515,0.0
E,9,21200516,0.0
E,9,21200517,0.0
E,9,21200518,0.0
E,9,21200519,0.0
E,9,21200520,0.0
E,9,21200521,0.0
E,9,21200522,0.0
E,9,21200523,0.0
E,9,21200524,0.0
E,9,21200525,0.0
E,9,21200526,0.0
E,9,21200527,0.0
E,9,21200528,0.0
E,9,21200529,0.0
E,9,21200530,0.0
E,9,21200531,0.0
E,9,21200601,0.0
E,9,21200602,0.0
E,9,21200603,0.0
E,9,21200604,1.0986122886681098
E,9,21200605,2.5649493574615367
E,9,21200606,2.3978952727983707
E,9,21200607,1.9459101490553132
E,9,21200608,2.70805020110221
E,9,21200609,2.772588722239781
E,9,21200610,2.772588722239781
E,9,21200611,2.1972245773362196
E,9,21200612,2.772588722239781
E,9,21200613,3.8066624897703196
E,9,21200614,3.4339872044851463
E,9,21200615,3.4657359027997265
E,9,21200616,3.5263605246161616
E,9,21200617,3.828641396489095
E,9,21200618,4.143134726391533
E,9,21200619,4.07753744390572
E,9,21200620,4.02535169073515
E,9,21200621,4.07753744390572
E,9,21200622,3.784189633918261
E,9,21200623,4.343805421853684
E,9,21200624,4.442651256490317
E,9,21200625,4.3694478524670215
E,9,21200626,4.330733340286331
E,9,21200627,4.330733340286331
E,9,21200628,4.110873864173311
E,9,21200629,3.8066624897703196
E,10,21200501,0.0
E,10,21200502,0.0
E,10,21200503,0.0
E,10,21200504,0.0
E,10,21200505,0.0
E,10,21200506,0.0
E,10,21200507,0.0
E,10,21200508,0.0
E,10,21200509,0.0
E,10,21200510,0.0
E,10,21200511,0.0
E,10,21200512,0.0
E,10,21200513,0.0
E,10,21200514,0.0
E,10,21200515,0.0
E,10,21200516,0.0
E,10,21200517,0.0
E,10,21200518,0.0
E,10,21200519,0.0
E,10,21200520,0.0
E,10,21200521,0.0
E,10,21200522,0.0
E,10,21200523,0.0
E,10,21200524,0.0
E,10,21200525,0.0
E,10,21200526,0.0
E,10,21200527,0.0
E,10,21200528,0.0
E,10,21200529,0.0
E,10,21200530,0.0
E,10,21200531,0.0
E,10,21200601,0.0
E,10,21200602,0.0
E,10,21200603,1.9459101490553132
E,10,21200604,2.6390573296152584
E,10,21200605,2.302585092994046
E,10,21200606,2.8903717578961645
E,10,21200607,2.302585092994046
E,10,21200608,2.70805020110221
E,10,21200609,2.5649493574615367
E,10,21200610,2.9444389791664403
E,10,21200611,3.6635616461296463
E,10,21200612,3.6109179126442243
E,10,21200613,4.060443010546419
E,10,21200614,3.9889840465642745
E,10,21200615,4.060443010546419
E,10,21200616,4.1588830833596715
E,10,21200617,4.543294782270004
E,10,21200618,4.23410650459726
E,10,21200619,4.762173934797756
E,10,21200620,4.23410650459726
E,10,21200621,5.0106352940962555
E,10,21200622,4.941642422609304
E,10,21200623,4.736198448394496
E,10,21200624,5.062595033026967
E,10,21200625,5.030437921392435
E,10,21200626,5.0106352940962555
E,10,21200627,4.844187086458591
E,10,21200628,4.90527477843843
E,10,21200629,5.099866427824199
E,11,21200501,0.0
E,11,21200502,0.0
E,11,21200503,0.0
E,11,21200504,0.0
E,11,21200505,0.0
E,11,21200506,0.0
E,11,21200507,0.0
E,11,21200508,0.0
E,11,21200509,0.0
E,11,21200510,0.0
E,11,21200511,0.0
E,11,21200512,0.0
E,11,21200513,0.0
E,11,21200514,0.0
E,11,21200515,0.0
E,11,21200516,0.0
E,11,21200517,0.0
E,11,21200518,0.0
E,11,21200519,0.0
E,11,21200520,0.0
E,11,21200521,0.0
E,11,21200522,0.0
E,11,21200523,0.0
E,11,21200524,0.0
E,11,21200525,0.0
E,11,21200526,0.0
E,11,21200527,1.9459101490553132
E,11,21200528,0.0
E,11,21200529,0.0
E,11,21200530,1.791759469228055
E,11,21200531,1.9459101490553132
E,11,21200601,2.4849066497880004
E,11,21200602,2.70805020110221
E,11,21200603,2.5649493574615367
E,11,21200604,3.4965075614664802
E,11,21200605,3.1780538303479458
E,11,21200606,3.1780538303479458
E,11,21200607,2.833213344056216
E,11,21200608,4.07753744390572
E,11,21200609,3.8918202981106265
E,11,21200610,3.871201010907891
E,11,21200611,4.418840607796598
E,11,21200612,4.127134385045092
E,11,21200613,4.499809670330265
E,11,21200614,4.61512051684126
E,11,21200615,4.700480365792417
E,11,21200616,4.804021044733257
E,11,21200617,5.147494476813453
E,11,21200618,5.19295685089021
E,11,21200619,5.204006687076795
E,11,21200620,5.111987788356544
E,11,21200621,5.081404364984463
E,11,21200622,5.327876168789581
E,11,21200623,5.41610040220442
E,11,21200624,5.267858159063328
E,11,21200625,5.375278407684165
E,11,21200626,5.5134287461649825
E,11,21200627,5.501258210544727
E,11,21200628,5.209486152841421
E,11,21200629,4.9344739331306915
E,12,21200501,0.0
E,12,21200502,0.0
E,12,21200503,0.0
E,12,21200504,0.0
E,12,21200505,0.0
E,12,21200506,0.0
E,12,21200507,0.0
E,12,21200508,0.0
E,12,21200509,0.0
E,12,21200510,0.0
E,12,21200511,0.0
E,12,21200512,0.0
E,12,21200513,0.0
E,12,21200514,0.0
E,12,21200515,0.0
E,12,21200516,0.0
E,12,21200517,0.0
E,12,21200518,0.0
E,12,21200519,0.0
E,12,21200520,1.0986122886681098
E,12,21200521,0.0
E,12,21200522,0.0
E,12,21200523,0.0
E,12,21200524,0.0
E,12,21200525,0.0
E,12,21200526,1.3862943611198906
E,12,21200527,0.0
E,12,21200528,0.0
E,12,21200529,0.0
E,12,21200530,0.0
E,12,21200531,1.0986122886681098
E,12,21200601,3.295836866004329
E,12,21200602,3.2188758248682006
E,12,21200603,3.5553480614894135
E,12,21200604,4.2626798770413155
E,12,21200605,3.828641396489095
E,12,21200606,3.9512437185814275
E,12,21200607,3.871201010907891
E,12,21200608,4.382026634673881
E,12,21200609,4.430816798843313
E,12,21200610,4.700480365792417
E,12,21200611,4.770684624465665
E,12,21200612,4.969813299576001
E,12,21200613,5.176149732573829
E,12,21200614,5.19295685089021
E,12,21200615,5.407171771460119
E,12,21200616,5.53338948872752
E,12,21200617,5.583496308781699
E,12,21200618,5.3981627015177525
E,12,21200619,5.472270673671475
E,12,21200620,5.5134287461649825
E,12,21200621,5.44673737166631
E,12,21200622,5.60947179518496
E,12,21200623,5.71042701737487
E,12,21200624,5.598421958998375
E,12,21200625,5.648974238161206
E,12,21200626,5.697093486505405
E,12,21200627,5.6131281063880705
E,12,21200628,5.429345628954441
E,12,21200629,5.5053315359323625
E,13,21200501,0.0
E,13,21200502,0.0
E,13,21200503,0.0
E,13,21200504,0.0
E,13,21200505,0.0
E,13,21200506,0.0
E,13,21200507,0.0
E,13,21200508,0.0
E,13,21200509,0.0
E,13,21200510,0.0
E,13,21200511,0.0
E,13,21200512,0.0
E,13,21200513,0.0
E,13,21200514,0.0
E,13,21200515,0.0
E,13,21200516,0.0
E,13,21200517,0.0
E,13,21200518,0.0
E,13,21200519,0.0
E,13,21200520,0.0
E,13,21200521,0.0
E,13,21200522,0.0
E,13,21200523,0.0
E,13,21200524,0.0
E,13,21200525,0.0
E,13,21200526,0.0
E,13,21200527,0.0
E,13,21200528,0.0
E,13,21200529,0.0
E,13,21200530,0.0
E,13,21200531,1.3862943611198906
E,13,21200601,0.0
E,13,21200602,0.0
E,13,21200603,0.0
E,13,21200604,1.0986122886681098
E,13,21200605,2.0794415416798357
E,13,21200606,2.772588722239781
E,13,21200607,1.9459101490553132
E,13,21200608,2.4849066497880004
E,13,21200609,2.3978952727983707
E,13,21200610,2.9444389791664403
E,13,21200611,3.2188758248682006
E,13,21200612,3.2188758248682006
E,13,21200613,3.6375861597263857
E,13,21200614,3.970291913552122
E,13,21200615,4.394449154672439
E,13,21200616,4.61512051684126
E,13,21200617,4.564348191467836
E,13,21200618,4.812184355372417
E,13,21200619,4.890349128221754
E,13,21200620,4.543294782270004
E,13,21200621,4.867534450455582
E,13,21200622,5.123963979403259
E,13,21200623,5.25227342804663
E,13,21200624,5.2574953720277815
E,13,21200625,5.170483995038151
E,13,21200626,5.0689042022202315
E,13,21200627,5.170483995038151
E,13,21200628,4.919980925828125
E,13,21200629,4.927253685157205
E,14,21200501,0.0
E,14,21200502,0.0
E,14,21200503,0.0
E,14,21200504,0.0
E,14,21200505,0.0
E,14,21200506,0.0
E,14,21200507,0.0
E,14,21200508,0.0
E,14,21200509,0.0
E,14,21200510,0.0
E,14,21200511,0.0
E,14,21200512,0.0
E,14,21200513,0.0
E,14,21200514,0.0
E,14,21200515,0.0
E,14,21200516,0.0
E,14,21200517,0.0
E,14,21200518,0.0
E,14,21200519,0.0
E,14,21200520,0.0
E,14,21200521,0.0
E,14,21200522,0.0
E,14,21200523,0.0
E,14,21200524,0.0
E,14,21200525,0.0
E,14,21200526,0.0
E,14,21200527,0.0
E,14,21200528,0.0
E,14,21200529,0.0
E,14,21200530,0.0
E,14,21200531,0.0
E,14,21200601,0.6931471805599453
E,14,21200602,0.0
E,14,21200603,0.0
E,14,21200604,1.3862943611198906
E,14,21200605,1.791759469228055
E,14,21200606,2.6390573296152584
E,14,21200607,1.0986122886681098
E,14,21200608,2.302585092994046
E,14,21200609,2.0794415416798357
E,14,21200610,2.6390573296152584
E,14,21200611,3.091042453358316
E,14,21200612,3.367295829986474
E,14,21200613,3.58351893845611
E,14,21200614,3.7612001156935624
E,14,21200615,3.6888794541139363
E,14,21200616,3.6109179126442243
E,14,21200617,3.6888794541139363
E,14,21200618,4.110873864173311
E,14,21200619,4.454347296253507
E,14,21200620,4.04305126783455
E,14,21200621,4.442651256490317
E,14,21200622,4.330733340286331
E,14,21200623,4.499809670330265
E,14,21200624,4.653960350157523
E,14,21200625,4.499809670330265
E,14,21200626,4.382026634673881
E,14,21200627,4.2626798770413155
E,14,21200628,3.9889840465642745
E,14,21200629,4.2626798770413155
E,15,21200501,0.0
E,15,21200502,0.0
E,15,21200503,0.0
E,15,21200504,0.0
E,15,21200505,0.0
E,15,21200506,0.0
E,15,21200507,0.0
E,15,21200508,0.0
E,15,21200509,0.0
E,15,21200510,0.0
E,15,21200511,0.0
E,15,21200512,0.0
E,15,21200513,0.0
E,15,21200514,0.0
E,15,21200515,0.0
E,15,21200516,0.0
E,15,21200517,0.0
E,15,21200518,0.0
E,15,21200519,0.0
E,15,21200520,0.0
E,15,21200521,0.0
E,15,21200522,0.0
E,15,21200523,0.0
E,15,21200524,0.0
E,15,21200525,0.0
E,15,21200526,0.0
E,15,21200527,0.0
E,15,21200528,0.0
E,15,21200529,1.6094379124341003
E,15,21200530,2.70805020110221
E,15,21200531,2.995732273553991
E,15,21200601,3.091042453358316
E,15,21200602,3.044522437723423
E,15,21200603,3.58351893845611
E,15,21200604,4.189654742026425
E,15,21200605,4.060443010546419
E,15,21200606,4.174387269895637
E,15,21200607,4.454347296253507
E,15,21200608,4.672828834461906
E,15,21200609,5.262690188904886
E,15,21200610,5.236441962829949
E,15,21200611,5.572154032177765
E,15,21200612,5.805134968916488
E,15,21200613,6.008813185442595
E,15,21200614,6.194405391104672
E,15,21200615,6.35088571671474
E,15,21200616,6.508769136971682
E,15,21200617,6.51025834052315
E,15,21200618,6.395261598115449
E,15,21200619,6.522092798170152
E,15,21200620,6.20455776256869
E,15,21200621,6.3784261836515865
E,15,21200622,6.470799503782602
E,15,21200623,6.318968113746434
E,15,21200624,6.440946540632921
E,15,21200625,6.431331081933479
E,15,21200626,6.423246963533519
E,15,21200627,6.1903154058531475
E,15,21200628,6.040254711277414
E,15,21200629,6.1779441140506
E,16,21200501,0.0
E,16,21200502,0.0
E,16,21200503,0.0
E,16,21200504,0.0
E,16,21200505,0.0
E,16,21200506,0.0
E,16,21200507,0.0
E,16,21200508,0.0
E,16,21200509,0.0
E,16,21200510,0.0
E,16,21200511,0.0
E,16,21200512,0.0
E,16,21200513,0.0
E,16,21200514,0.0
E,16,21200515,0.0
E,16,21200516,0.0
E,16,21200517,0.0
E,16,21200518,0.0
E,16,21200519,0.0
E,16,21200520,0.0
E,16,21200521,0.0
E,16,21200522,0.0
E,16,21200523,0.0
E,16,21200524,0.0
E,16,21200525,0.0
E,16,21200526,0.0
E,16,21200527,0.0
E,16,21200528,0.0
E,16,21200529,0.0
E,16,21200530,0.0
E,16,21200531,0.0
E,16,21200601,1.0986122886681098
E,16,21200602,0.0
E,16,21200603,1.791759469228055
E,16,21200604,1.0986122886681098
E,16,21200605,2.3978952727983707
E,16,21200606,1.0986122886681098
E,16,21200607,2.1972245773362196
E,16,21200608,2.1972245773362196
E,16,21200609,3.1780538303479458
E,16,21200610,2.3978952727983707
E,16,21200611,3.367295829986474
E,16,21200612,3.044522437723423
E,16,21200613,3.6888794541139363
E,16,21200614,4.127134385045092
E,16,21200615,4.3694478524670215
E,16,21200616,4.532599493153256
E,16,21200617,4.477336814478207
E,16,21200618,4.1588830833596715
E,16,21200619,4.276666119016055
E,16,21200620,4.04305126783455
E,16,21200621,3.8066624897703196
E,16,21200622,4.543294782270004
E,16,21200623,3.9889840465642745
E,16,21200624,4.23410650459726
E,16,21200625,4.276666119016055
E,16,21200626,4.330733340286331
E,16,21200627,3.784189633918261
E,16,21200628,3.7612001156935624
E,16,21200629,3.784189633918261
E,17,21200501,0.0
E,17,21200502,0.0
E,17,21200503,0.0
E,17,21200504,0.0
E,17,21200505,0.0
E,17,21200506,0.0
E,17,21200507,0.0
E,17,21200508,0.0
E,17,21200509,0.0
E,17,21200510,0.0
E,17,21200511,0.0
E,17,21200512,0.0
E,17,21200513,0.0
E,17,21200514,0.0
E,17,21200515,0.0
E,17,21200516,0.0
E,17,21200517,0.0
E,17,21200518,0.0
E,17,21200519,0.0
E,17,21200520,0.0
E,17,21200521,0.0
E,17,21200522,0.0
E,17,21200523,0.0
E,17,21200524,0.0
E,17,21200525,0.0
E,17,21200526,0.0
E,17,21200527,0.0
E,17,21200528,0.0
E,17,21200529,0.0
E,17,21200530,0.0
E,17,21200531,0.0
E,17,21200601,0.0
E,17,21200602,0.0
E,17,21200603,0.0
E,17,21200604,0.0
E,17,21200605,0.0
E,17,21200606,0.0
E,17,21200607,0.0
E,17,21200608,0.0
E,17,21200609,0.0
E,17,21200610,0.0
E,17,21200611,0.0
E,17,21200612,0.0
E,17,21200613,0.0
E,17,21200614,0.0
E,17,21200615,0.0
E,17,21200616,0.0
E,17,21200617,0.0
E,17,21200618,0.0
E,17,21200619,0.0
E,17,21200620,0.0
E,17,21200621,0.0
E,17,21200622,0.0
E,17,21200623,0.0
E,17,21200624,0.0
E,17,21200625,0.0
E,17,21200626,0.0
E,17,21200627,0.0
E,17,21200628,0.0
E,17,21200629,0.0
E,18,21200501,0.0
E,18,21200502,0.0
E,18,21200503,0.0
E,18,21200504,0.0
E,18,21200505,0.0
E,18,21200506,0.0
E,18,21200507,0.0
E,18,21200508,0.0
E,18,21200509,0.0
E,18,21200510,0.0
E,18,21200511,0.0
E,18,21200512,0.0
E,18,21200513,0.0
E,18,21200514,0.0
E,18,21200515,0.0
E,18,21200516,0.0
E,18,21200517,0.0
E,18,21200518,0.0
E,18,21200519,0.0
E,18,21200520,0.0
E,18,21200521,0.0
E,18,21200522,0.0
E,18,21200523,0.0
E,18,21200524,0.0
E,18,21200525,0.0
E,18,21200526,0.0
E,18,21200527,0.0
E,18,21200528,0.0
E,18,21200529,0.0
E,18,21200530,0.0
E,18,21200531,0.0
E,18,21200601,0.0
E,18,21200602,0.0
E,18,21200603,0.0
E,18,21200604,0.0
E,18,21200605,0.0
E,18,21200606,0.0
E,18,21200607,0.6931471805599453
E,18,21200608,1.3862943611198906
E,18,21200609,0.0
E,18,21200610,0.0
E,18,21200611,0.0
E,18,21200612,1.791759469228055
E,18,21200613,2.5649493574615367
E,18,21200614,1.6094379124341003
E,18,21200615,2.302585092994046
E,18,21200616,2.70805020110221
E,18,21200617,3.258096538021482
E,18,21200618,2.3978952727983707
E,18,21200619,3.4339872044851463
E,18,21200620,3.367295829986474
E,18,21200621,3.784189633918261
E,18,21200622,3.367295829986474
E,18,21200623,3.7612001156935624
E,18,21200624,3.8501476017100584
E,18,21200625,3.9889840465642745
E,18,21200626,4.143134726391533
E,18,21200627,3.7376696182833684
E,18,21200628,3.713572066704308
E,18,21200629,3.367295829986474
E,19,21200501,0.0
E,19,21200502,0.0
E,19,21200503,0.0
E,19,21200504,0.0
E,19,21200505,0.0
E,19,21200506,0.0
E,19,21200507,0.0
E,19,21200508,0.0
E,19,21200509,0.0
E,19,21200510,0.0
E,19,21200511,0.0
E,19,21200512,0.0
E,19,21200513,0.0
E,19,21200514,0.0
E,19,21200515,0.0
E,19,21200516,0.0
E,19,21200517,0.0
E,19,21200518,0.0
E,19,21200519,0.0
E,19,21200520,0.0
E,19,21200521,0.0
E,19,21200522,0.0
E,19,21200523,0.0
E,19,21200524,0.0
E,19,21200525,0.0
E,19,21200526,0.0
E,19,21200527,0.0
E,19,21200528,0.0
E,19,21200529,0.0
E,19,21200530,0.0
E,19,21200531,0.0
E,19,21200601,0.0
E,19,21200602,0.0
E,19,21200603,1.0986122886681098
E,19,21200604,0.0
E,19,21200605,0.0
E,19,21200606,0.0
E,19,21200607,1.3862943611198906
E,19,21200608,0.0
E,19,21200609,0.0
E,19,21200610,0.0
E,19,21200611,0.0
E,19,21200612,0.0
E,19,21200613,0.0
E,19,21200614,0.6931471805599453
E,19,21200615,0.6931471805599453
E,19,21200616,0.6931471805599453
E,19,21200617,1.3862943611198906
E,19,21200618,0.0
E,19,21200619,0.6931471805599453
E,19,21200620,0.6931471805599453
E,19,21200621,1.3862943611198906
E,19,21200622,2.3978952727983707
E,19,21200623,1.3862943611198906
E,19,21200624,0.0
E,19,21200625,0.0
E,19,21200626,1.0986122886681098
E,19,21200627,2.302585092994046
E,19,21200628,2.1972245773362196
E,19,21200629,2.1972245773362196
E,20,21200501,0.0
E,20,21200502,0.0
E,20,21200503,0.0
E,20,21200504,0.0
E,20,21200505,0.0
E,20,21200506,0.0
E,20,21200507,0.0
E,20,21200508,0.0
E,20,21200509,0.0
E,20,21200510,0.0
E,20,21200511,0.0
E,20,21200512,0.0
E,20,21200513,0.0
E,20,21200514,0.0
E,20,21200515,0.0
E,20,21200516,0.0
E,20,21200517,0.0
E,20,21200518,0.0
E,20,21200519,0.0
E,20,21200520,0.0
E,20,21200521,0.0
E,20,21200522,0.0
E,20,21200523,0.0
E,20,21200524,0.0
E,20,21200525,0.0
E,20,21200526,0.0
E,20,21200527,0.0
E,20,21200528,0.0
E,20,21200529,0.0
E,20,21200530,0.6931471805599453
E,20,21200531,0.0
E,20,21200601,0.0
E,20,21200602,0.6931471805599453
E,20,21200603,1.3862943611198906
E,20,21200604,1.791759469228055
E,20,21200605,1.6094379124341003
E,20,21200606,2.0794415416798357
E,20,21200607,2.6390573296152584
E,20,21200608,3.4965075614664802
E,20,21200609,3.4657359027997265
E,20,21200610,4.204692619390966
E,20,21200611,4.219507705176107
E,20,21200612,4.700480365792417
E,20,21200613,4.867534450455582
E,20,21200614,4.795790545596741
E,20,21200615,5.056245805348308
E,20,21200616,5.293304824724492
E,20,21200617,5.209486152841421
E,20,21200618,5.043425116919247
E,20,21200619,4.804021044733257
E,20,21200620,4.709530201312334
E,20,21200621,4.9344739331306915
E,20,21200622,4.727387818712341
E,20,21200623,4.875197323201151
E,20,21200624,4.672828834461906
E,20,21200625,4.77912349311153
E,20,21200626,4.890349128221754
E,20,21200627,4.532599493153256
E,20,21200628,4.51085950651685
E,20,21200629,4.406719247264253
E,21,21200501,0.0
E,21,21200502,0.0
E,21,21200503,0.0
E,21,21200504,0.0
E,21,21200505,0.0
E,21,21200506,0.0
E,21,21200507,0.0
E,21,21200508,0.0
E,21,21200509,0.0
E,21,21200510,0.0
E,21,21200511,0.0
E,21,21200512,0.0
E,21,21200513,0.0
E,21,21200514,0.0
E,21,21200515,0.0
E,21,21200516,0.0
E,21,21200517,0.0
E,21,21200518,0.0
E,21,21200519,0.0
E,21,21200520,0.0
E,21,21200521,0.0
E,21,21200522,0.0
E,21,21200523,0.0
E,21,21200524,0.0
E,21,21200525,0.0
E,21,21200526,0.0
E,21,21200527,1.0986122886681098
E,21,21200528,0.0
E,21,21200529,0.0
E,21,21200530,0.0
E,21,21200531,0.0
E,21,21200601,1.3862943611198906
E,21,21200602,1.3862943611198906
E,21,21200603,0.0
E,21,21200604,1.791759469228055
E,21,21200605,2.4849066497880004
E,21,21200606,2.302585092994046
E,21,21200607,1.9459101490553132
E,21,21200608,2.0794415416798357
E,21,21200609,2.6390573296152584
E,21,21200610,1.791759469228055
E,21,21200611,2.6390573296152584
E,21,21200612,2.772588722239781
E,21,21200613,2.8903717578961645
E,21,21200614,2.1972245773362196
E,21,21200615,2.8903717578961645
E,21,21200616,3.332204510175204
E,21,21200617,3.258096538021482
E,21,21200618,2.4849066497880004
E,21,21200619,2.833213344056216
E,21,21200620,3.332204510175204
E,21,21200621,3.713572066704308
E,21,21200622,2.6390573296152584
E,21,21200623,3.6888794541139363
E,21,21200624,3.367295829986474
E,21,21200625,3.258096538021482
E,21,21200626,3.1780538303479458
E,21,21200627,3.044522437723423
E,21,21200628,3.4965075614664802
E,21,21200629,3.367295829986474
E,22,21200501,0.0
E,22,21200502,0.0
E,22,21200503,0.0
E,22,21200504,0.0
E,22,21200505,0.0
E,22,21200506,0.0
E,22,21200507,0.0
E,22,21200508,0.0
E,22,21200509,0.0
E,22,21200510,0.0
E,22,21200511,0.0
E,22,21200512,0.0
E,22,21200513,0.0
E,22,21200514,0.0
E,22,21200515,0.0
E,22,21200516,0.0
E,22,21200517,0.0
E,22,21200518,0.0
E,22,21200519,0.0
E,22,21200520,0.0
E,22,21200521,0.0
E,22,21200522,0.0
E,22,21200523,0.0
E,22,21200524,0.0
E,22,21200525,0.0
E,22,21200526,0.0
E,22,21200527,0.0
E,22,21200528,0.0
E,22,21200529,0.0
E,22,21200530,0.0
E,22,21200531,0.0
E,22,21200601,0.0
E,22,21200602,0.0
E,22,21200603,1.0986122886681098
E,22,21200604,0.0
E,22,21200605,0.6931471805599453
E,22,21200606,0.6931471805599453
E,22,21200607,1.9459101490553132
E,22,21200608,0.0
E,22,21200609,1.9459101490553132
E,22,21200610,1.0986122886681098
E,22,21200611,2.3978952727983707
E,22,21200612,2.772588722239781
E,22,21200613,2.1972245773362196
E,22,21200614,2.9444389791664403
E,22,21200615,2.9444389791664403
E,22,21200616,3.044522437723423
E,22,21200617,2.8903717578961645
E,22,21200618,4.127134385045092
E,22,21200619,3.5263605246161616
E,22,21200620,3.970291913552122
E,22,21200621,3.295836866004329
E,22,21200622,4.30406509320417
E,22,21200623,3.7612001156935624
E,22,21200624,4.1588830833596715
E,22,21200625,4.330733340286331
E,22,21200626,4.48863636973214
E,22,21200627,4.31748811353631
E,22,21200628,4.406719247264253
E,22,21200629,4.499809670330265
E,23,21200501,0.0
E,23,21200502,0.0
E,23,21200503,0.0
E,23,21200504,0.0
E,23,21200505,0.0
E,23,21200506,0.0
E,23,21200507,0.0
E,23,21200508,0.0
E,23,21200509,0.0
E,23,21200510,0.0
E,23,21200511,0.0
E,23,21200512,0.0
E,23,21200513,0.0
E,23,21200514,0.0
E,23,21200515,0.0
E,23,21200516,0.0
E,23,21200517,0.0
E,23,21200518,0.0
E,23,21200519,0.0
E,23,21200520,0.0
E,23,21200521,0.0
E,23,21200522,0.0
E,23,21200523,0.0
E,23,21200524,0.0
E,23,21200525,0.0
E,23,21200526,0.0
E,23,21200527,0.0
E,23,21200528,0.6931471805599453
E,23,21200529,0.0
E,23,21200530,0.0
E,23,21200531,0.0
E,23,21200601,0.0
E,23,21200602,0.0
E,23,21200603,2.70805020110221
E,23,21200604,2.5649493574615367
E,23,21200605,2.302585092994046
E,23,21200606,1.3862943611198906
E,23,21200607,1.6094379124341003
E,23,21200608,2.4849066497880004
E,23,21200609,2.6390573296152584
E,23,21200610,2.772588722239781
E,23,21200611,2.5649493574615367
E,23,21200612,3.2188758248682006
E,23,21200613,3.295836866004329
E,23,21200614,3.6888794541139363
E,23,21200615,3.912023005428146
E,23,21200616,4.0943445622221
E,23,21200617,3.5263605246161616
E,23,21200618,3.9318256327243257
E,23,21200619,3.871201010907891
E,23,21200620,3.8918202981106265
E,23,21200621,3.7612001156935624
E,23,21200622,3.912023005428146
E,23,21200623,4.219507705176107
E,23,21200624,4.356708826689592
E,23,21200625,4.406719247264253
E,23,21200626,4.499809670330265
E,23,21200627,4.23410650459726
E,23,21200628,3.6635616461296463
E,23,21200629,4.110873864173311
E,24,21200501,0.0
E,24,21200502,0.0
E,24,21200503,0.0
E,24,21200504,0.0
E,24,21200505,0.0
E,24,21200506,0.0
E,24,21200507,0.0
E,24,21200508,0.0
E,24,21200509,0.0
E,24,21200510,0.0
E,24,21200511,0.0
E,24,21200512,0.0
E,24,21200513,0.0
E,24,21200514,0.0
E,24,21200515,0.0
E,24,21200516,0.0
E,24,21200517,0.0
E,24,21200518,0.0
E,24,21200519,0.0
E,24,21200520,0.0
E,24,21200521,0.0
E,24,21200522,0.0
E,24,21200523,0.0
E,24,21200524,0.0
E,24,21200525,0.0
E,24,21200526,0.0
E,24,21200527,0.0
E,24,21200528,0.0
E,24,21200529,0.0
E,24,21200530,0.0
E,24,21200531,0.0
E,24,21200601,0.0
E,24,21200602,1.3862943611198906
E,24,21200603,2.772588722239781
E,24,21200604,0.6931471805599453
E,24,21200605,1.791759469228055
E,24,21200606,2.0794415416798357
E,24,21200607,2.833213344056216
E,24,21200608,1.791759469228055
E,24,21200609,2.1972245773362196
E,24,21200610,3.044522437723423
E,24,21200611,2.5649493574615367
E,24,21200612,2.9444389791664403
E,24,21200613,3.4965075614664802
E,24,21200614,3.7376696182833684
E,24,21200615,3.828641396489095
E,24,21200616,3.970291913552122
E,24,21200617,4.07753744390572
E,24,21200618,4.07753744390572
E,24,21200619,3.6375861597263857
E,24,21200620,3.5553480614894135
E,24,21200621,3.828641396489095
E,24,21200622,4.110873864173311
E,24,21200623,4.219507705176107
E,24,21200624,3.970291913552122
E,24,21200625,4.127134385045092
E,24,21200626,4.31748811353631
E,24,21200627,4.23410650459726
E,24,21200628,4.219507705176107
E,24,21200629,4.0943445622221
E,25,21200501,0.0
E,25,21200502,0.0
E,25,21200503,0.0
E,25,21200504,0.0
E,25,21200505,0.0
E,25,21200506,0.0
E,25,21200507,0.0
E,25,21200508,0.0
E,25,21200509,0.0
E,25,21200510,0.0
E,25,21200511,0.0
E,25,21200512,0.0
E,25,21200513,0.0
E,25,21200514,0.0
E,25,21200515,0.0
E,25,21200516,0.0
E,25,21200517,0.0
E,25,21200518,0.0
E,25,21200519,0.0
E,25,21200520,0.0
E,25,21200521,0.0
E,25,21200522,0.0
E,25,21200523,0.0
E,25,21200524,0.0
E,25,21200525,0.0
E,25,21200526,0.0
E,25,21200527,0.0
E,25,21200528,0.0
E,25,21200529,0.0
E,25,21200530,0.0
E,25,21200531,1.0986122886681098
E,25,21200601,1.6094379124341003
E,25,21200602,0.0
E,25,21200603,2.6390573296152584
E,25,21200604,2.4849066497880004
E,25,21200605,2.833213344056216
E,25,21200606,2.8903717578961645
E,25,21200607,3.091042453358316
E,25,21200608,2.5649493574615367
E,25,21200609,3.258096538021482
E,25,21200610,3.4011973816621555
E,25,21200611,3.367295829986474
E,25,21200612,3.784189633918261
E,25,21200613,4.406719247264253
E,25,21200614,4.564348191467836
E,25,21200615,4.795790545596741
E,25,21200616,4.9344739331306915
E,25,21200617,5.0369526024136295
E,25,21200618,5.278114659230517
E,25,21200619,5.1298987149230735
E,25,21200620,5.043425116919247
E,25,21200621,5.241747015059643
E,25,21200622,5.438079308923196
E,25,21200623,5.3706380281276624
E,25,21200624,5.308267697401205
E,25,21200625,5.393627546352362
E,25,21200626,5.488937726156687
E,25,21200627,5.204006687076795
E,25,21200628,5.1298987149230735
E,25,21200629,5.170483995038151
E,26,21200501,0.0
E,26,21200502,0.0
E,26,21200503,0.0
E,26,21200504,0.0
E,26,21200505,0.0
E,26,21200506,0.0
E,26,21200507,0.0
E,26,21200508,0.0
E,26,21200509,0.0
E,26,21200510,0.0
E,26,21200511,0.0
E,26,21200512,0.0
E,26,21200513,0.0
E,26,21200514,0.0
E,26,21200515,0.0
E,26,21200516,0.0
E,26,21200517,0.0
E,26,21200518,0.0
E,26,21200519,0.0
E,26,21200520,0.0
E,26,21200521,0.0
E,26,21200522,0.0
E,26,21200523,0.0
E,26,21200524,0.0
E,26,21200525,0.0
E,26,21200526,0.0
E,26,21200527,0.0
E,26,21200528,0.0
E,26,21200529,0.0
E,26,21200530,0.6931471805599453
E,26,21200531,1.0986122886681098
E,26,21200601,0.0
E,26,21200602,2.302585092994046
E,26,21200603,2.0794415416798357
E,26,21200604,1.0986122886681098
E,26,21200605,2.0794415416798357
E,26,21200606,0.6931471805599453
E,26,21200607,2.3978952727983707
E,26,21200608,2.302585092994046
E,26,21200609,2.0794415416798357
E,26,21200610,1.791759469228055
E,26,21200611,2.302585092994046
E,26,21200612,1.791759469228055
E,26,21200613,2.70805020110221
E,26,21200614,2.5649493574615367
E,26,21200615,2.4849066497880004
E,26,21200616,2.3978952727983707
E,26,21200617,3.4965075614664802
E,26,21200618,2.70805020110221
E,26,21200619,3.044522437723423
E,26,21200620,1.9459101490553132
E,26,21200621,2.6390573296152584
E,26,21200622,3.367295829986474
E,26,21200623,3.4011973816621555
E,26,21200624,3.2188758248682006
E,26,21200625,2.995732273553991
E,26,21200626,2.833213344056216
E,26,21200627,2.9444389791664403
E,26,21200628,3.295836866004329
E,26,21200629,3.091042453358316
E,27,21200501,0.0
E,27,21200502,0.0
E,27,21200503,0.0
E,27,21200504,0.0
E,27,21200505,0.0
E,27,21200506,0.0
E,27,21200507,0.0
E,27,21200508,0.0
E,27,21200509,0.0
E,27,21200510,0.0
E,27,21200511,0.0
E,27,21200512,0.0
E,27,21200513,0.0
E,27,21200514,0.0
E,27,21200515,0.0
E,27,21200516,0.0
E,27,21200517,0.0
E,27,21200518,0.0
E,27,21200519,0.0
E,27,21200520,0.0
E,27,21200521,0.0
E,27,21200522,0.0
E,27,21200523,0.0
E,27,21200524,0.0
E,27,21200525,0.0
E,27,21200526,0.0
E,27,21200527,0.0
E,27,21200528,0.0
E,27,21200529,0.0
E,27,21200530,0.0
E,27,21200531,0.6931471805599453
E,27,21200601,0.0
E,27,21200602,0.0
E,27,21200603,0.6931471805599453
E,27,21200604,0.0
E,27,21200605,1.0986122886681098
E,27,21200606,1.0986122886681098
E,27,21200607,0.0
E,27,21200608,0.0
E,27,21200609,1.0986122886681098
E,27,21200610,2.70805020110221
E,27,21200611,1.9459101490553132
E,27,21200612,2.1972245773362196
E,27,21200613,1.791759469228055
E,27,21200614,2.1972245773362196
E,27,21200615,2.1972245773362196
E,27,21200616,2.302585092994046
E,27,21200617,2.4849066497880004
E,27,21200618,2.302585092994046
E,27,21200619,2.995732273553991
E,27,21200620,1.9459101490553132
E,27,21200621,1.9459101490553132
E,27,21200622,2.995732273553991
E,27,21200623,2.3978952727983707
E,27,21200624,3.332204510175204
E,27,21200625,3.367295829986474
E,27,21200626,3.4339872044851463
E,27,21200627,3.4339872044851463
E,27,21200628,3.091042453358316
E,27,21200629,2.9444389791664403
E,28,21200501,0.0
E,28,21200502,0.0
E,28,21200503,0.0
E,28,21200504,0.0
E,28,21200505,0.0
E,28,21200506,0.0
E,28,21200507,0.0
E,28,21200508,0.0
E,28,21200509,0.0
E,28,21200510,0.0
E,28,21200511,0.0
E,28,21200512,0.0
E,28,21200513,0.0
E,28,21200514,0.0
E,28,21200515,0.0
E,28,21200516,0.0
E,28,21200517,0.0
E,28,21200518,0.0
E,28,21200519,0.0
E,28,21200520,0.0
E,28,21200521,0.0
E,28,21200522,0.0
E,28,21200523,0.0
E,28,21200524,0.0
E,28,21200525,0.0
E,28,21200526,0.0
E,28,21200527,0.0
E,28,21200528,0.0
E,28,21200529,0.0
E,28,21200530,0.0
E,28,21200531,0.6931471805599453
E,28,21200601,0.0
E,28,21200602,1.9459101490553132
E,28,21200603,2.0794415416798357
E,28,21200604,2.5649493574615367
E,28,21200605,2.4849066497880004
E,28,21200606,1.9459101490553132
E,28,21200607,2.9444389791664403
E,28,21200608,2.4849066497880004
E,28,21200609,2.6390573296152584
E,28,21200610,3.1780538303479458
E,28,21200611,3.7376696182833684
E,28,21200612,2.995732273553991
E,28,21200613,3.7612001156935624
E,28,21200614,3.784189633918261
E,28,21200615,4.04305126783455
E,28,21200616,4.2626798770413155
E,28,21200617,4.605170185988092
E,28,21200618,4.406719247264253
E,28,21200619,4.553876891600541
E,28,21200620,4.465908118654584
E,28,21200621,4.844187086458591
E,28,21200622,4.605170185988092
E,28,21200623,4.812184355372417
E,28,21200624,5.056245805348308
E,28,21200625,5.099866427824199
E,28,21200626,5.159055299214529
E,28,21200627,4.9344739331306915
E,28,21200628,4.795790545596741
E,28,21200629,5.049856007249537
E,29,21200501,0.0
E,29,21200502,0.0
E,29,21200503,0.0
E,29,21200504,0.0
E,29,21200505,0.0
E,29,21200506,0.0
E,29,21200507,0.0
E,29,21200508,0.0
E,29,21200509,0.0
E,29,21200510,0.0
E,29,21200511,0.0
E,29,21200512,0.0
E,29,21200513,0.0
E,29,21200514,0.0
E,29,21200515,0.0
E,29,21200516,0.0
E,29,21200517,0.0
E,29,21200518,0.0
E,29,21200519,0.0
E,29,21200520,0.0
E,29,21200521,0.0
E,29,21200522,0.0
E,29,21200523,0.0
E,29,21200524,0.0
E,29,21200525,0.0
E,29,21200526,0.0
E,29,21200527,0.0
E,29,21200528,0.0
E,29,21200529,0.0
E,29,21200530,0.0
E,29,21200531,0.0
E,29,21200601,0.0
E,29,21200602,0.0
E,29,21200603,0.6931471805599453
E,29,21200604,0.0
E,29,21200605,1.9459101490553132
E,29,21200606,1.0986122886681098
E,29,21200607,1.791759469228055
E,29,21200608,0.0
E,29,21200609,1.9459101490553132
E,29,21200610,2.1972245773362196
E,29,21200611,1.6094379124341003
E,29,21200612,1.0986122886681098
E,29,21200613,2.772588722239781
E,29,21200614,1.9459101490553132
E,29,21200615,2.3978952727983707
E,29,21200616,2.833213344056216
E,29,21200617,2.995732273553991
E,29,21200618,2.833213344056216
E,29,21200619,3.295836866004329
E,29,21200620,3.2188758248682006
E,29,21200621,3.367295829986474
E,29,21200622,3.912023005428146
E,29,21200623,3.784189633918261
E,29,21200624,4.430816798843313
E,29,21200625,4.343805421853684
E,29,21200626,4.290459441148391
E,29,21200627,4.02535169073515
E,29,21200628,3.970291913552122
E,29,21200629,3.9512437185814275
E,30,21200501,0.0
E,30,21200502,0.0
E,30,21200503,0.0
E,30,21200504,0.0
E,30,21200505,0.0
E,30,21200506,0.0
E,30,21200507,0.0
E,30,21200508,0.0
E,30,21200509,0.0
E,30,21200510,0.0
E,30,21200511,0.0
E,30,21200512,0.0
E,30,21200513,0.0
E,30,21200514,0.0
E,30,21200515,0.0
E,30,21200516,0.0
E,30,21200517,0.0
E,30,21200518,0.0
E,30,21200519,0.0
E,30,21200520,0.0
E,30,21200521,0.0
E,30,21200522,0.0
E,30,21200523,0.0
E,30,21200524,0.0
E,30,21200525,0.0
E,30,21200526,0.0
E,30,21200527,0.0
E,30,21200528,0.0
E,30,21200529,0.0
E,30,21200530,0.0
E,30,21200531,0.0
E,30,21200601,0.0
E,30,21200602,2.1972245773362196
E,30,21200603,1.3862943611198906
E,30,21200604,1.6094379124341003
E,30,21200605,1.0986122886681098
E,30,21200606,2.4849066497880004
E,30,21200607,2.5649493574615367
E,30,21200608,2.4849066497880004
E,30,21200609,2.4849066497880004
E,30,21200610,3.258096538021482
E,30,21200611,2.5649493574615367
E,30,21200612,2.8903717578961645
E,30,21200613,3.784189633918261
E,30,21200614,3.7376696182833684
E,30,21200615,4.007333185232471
E,30,21200616,4.204692619390966
E,30,21200617,3.784189633918261
E,30,21200618,3.828641396489095
E,30,21200619,3.7376696182833684
E,30,21200620,4.0943445622221
E,30,21200621,4.31748811353631
E,30,21200622,4.2626798770413155
E,30,21200623,4.430816798843313
E,30,21200624,4.48863636973214
E,30,21200625,4.394449154672439
E,30,21200626,4.330733340286331
E,30,21200627,4.418840607796598
E,30,21200628,4.189654742026425
E,30,21200629,3.912023005428146
E,31,21200501,0.0
E,31,21200502,0.0
E,31,21200503,0.0
E,31,21200504,0.0
E,31,21200505,0.0
E,31,21200506,0.0
E,31,21200507,0.0
E,31,21200508,0.0
E,31,21200509,0.0
E,31,21200510,0.0
E,31,21200511,0.0
E,31,21200512,0.0
E,31,21200513,0.0
E,31,21200514,0.0
E,31,21200515,0.0
E,31,21200516,0.0
E,31,21200517,0.0
E,31,21200518,0.0
E,31,21200519,0.0
E,31,21200520,0.0
E,31,21200521,0.0
E,31,21200522,0.0
E,31,21200523,0.0
E,31,21200524,0.0
E,31,21200525,0.0
E,31,21200526,0.0
E,31,21200527,0.0
E,31,21200528,0.0
E,31,21200529,0.0
E,31,21200530,0.0
E,31,21200531,1.6094379124341003
E,31,21200601,1.9459101490553132
E,31,21200602,0.6931471805599453
E,31,21200603,1.6094379124341003
E,31,21200604,1.791759469228055
E,31,21200605,2.70805020110221
E,31,21200606,2.4849066497880004
E,31,21200607,2.772588722239781
E,31,21200608,2.772588722239781
E,31,21200609,2.5649493574615367
E,31,21200610,3.332204510175204
E,31,21200611,3.6375861597263857
E,31,21200612,2.995732273553991
E,31,21200613,3.5553480614894135
E,31,21200614,3.258096538021482
E,31,21200615,3.5553480614894135
E,31,21200616,3.8501476017100584
E,31,21200617,3.970291913552122
E,31,21200618,4.382026634673881
E,31,21200619,4.04305126783455
E,31,21200620,4.219507705176107
E,31,21200621,4.04305126783455
E,31,21200622,4.454347296253507
E,31,21200623,4.060443010546419
E,31,21200624,3.9889840465642745
E,31,21200625,4.248495242049359
E,31,21200626,4.418840607796598
E,31,21200627,4.382026634673881
E,31,21200628,4.174387269895637
E,31,21200629,3.871201010907891
E,32,21200501,0.0
E,32,21200502,0.0
E,32,21200503,0.0
E,32,21200504,0.0
E,32,21200505,0.0
E,32,21200506,0.0
E,32,21200507,0.0
E,32,21200508,0.0
E,32,21200509,0.0
E,32,21200510,0.0
E,32,21200511,0.0
E,32,21200512,0.0
E,32,21200513,0.0
E,32,21200514,0.0
E,32,21200515,0.0
E,32,21200516,0.0
E,32,21200517,0.0
E,32,21200518,0.0
E,32,21200519,0.0
E,32,21200520,0.0
E,32,21200521,0.0
E,32,21200522,0.0
E,32,21200523,0.0
E,32,21200524,0.0
E,32,21200525,0.0
E,32,21200526,0.0
E,32,21200527,0.0
E,32,21200528,0.0
E,32,21200529,0.0
E,32,21200530,0.0
E,32,21200531,1.0986122886681098
E,32,21200601,0.6931471805599453
E,32,21200602,2.0794415416798357
E,32,21200603,1.6094379124341003
E,32,21200604,1.6094379124341003
E,32,21200605,2.0794415416798357
E,32,21200606,2.302585092994046
E,32,21200607,2.5649493574615367
E,32,21200608,3.295836866004329
E,32,21200609,1.791759469228055
E,32,21200610,3.091042453358316
E,32,21200611,3.2188758248682006
E,32,21200612,3.1354942159291497
E,32,21200613,3.4011973816621555
E,32,21200614,3.4011973816621555
E,32,21200615,3.258096538021482
E,32,21200616,3.1354942159291497
E,32,21200617,3.970291913552122
E,32,21200618,3.7376696182833684
E,32,21200619,3.7376696182833684
E,32,21200620,3.8066624897703196
E,32,21200621,4.0943445622221
E,32,21200622,4.2626798770413155
E,32,21200623,3.9512437185814275
E,32,21200624,4.51085950651685
E,32,21200625,4.382026634673881
E,32,21200626,4.290459441148391
E,32,21200627,4.060443010546419
E,32,21200628,3.9512437185814275
E,32,21200629,4.2626798770413155
E,33,21200501,0.0
E,33,21200502,0.0
E,33,21200503,0.0
E,33,21200504,0.0
E,33,21200505,0.0
E,33,21200506,0.0
E,33,21200507,0.0
E,33,21200508,0.0
E,33,21200509,0.0
E,33,21200510,0.0
E,33,21200511,0.0
E,33,21200512,0.0
E,33,21200513,0.0
E,33,21200514,0.0
E,33,21200515,0.0
E,33,21200516,0.0
E,33,21200517,0.0
E,33,21200518,0.0
E,33,21200519,0.0
E,33,21200520,0.0
E,33,21200521,0.0
E,33,21200522,0.0
E,33,21200523,0.0
E,33,21200524,0.0
E,33,21200525,0.0
E,33,21200526,0.0
E,33,21200527,0.0
E,33,21200528,0.0
E,33,21200529,0.0
E,33,21200530,0.0
E,33,21200531,0.0
E,33,21200601,0.0
E,33,21200602,0.0
E,33,21200603,0.6931471805599453
E,33,21200604,0.0
E,33,21200605,1.3862943611198906
E,33,21200606,0.6931471805599453
E,33,21200607,0.6931471805599453
E,33,21200608,1.3862943611198906
E,33,21200609,1.3862943611198906
E,33,21200610,2.1972245773362196
E,33,21200611,1.6094379124341003
E,33,21200612,1.3862943611198906
E,33,21200613,2.0794415416798357
E,33,21200614,1.6094379124341003
E,33,21200615,2.1972245773362196
E,33,21200616,2.5649493574615367
E,33,21200617,2.302585092994046
E,33,21200618,2.70805020110221
E,33,21200619,2.5649493574615367
E,33,21200620,1.0986122886681098
E,33,21200621,2.995732273553991
E,33,21200622,2.995732273553991
E,33,21200623,2.995732273553991
E,33,21200624,3.1354942159291497
E,33,21200625,3.4011973816621555
E,33,21200626,3.6635616461296463
E,33,21200627,3.367295829986474
E,33,21200628,3.4011973816621555
E,33,21200629,3.4339872044851463
