K,0,21200501,0.0
K,0,21200502,0.0
K,0,21200503,0.0
K,0,21200504,0.0
K,0,21200505,0.0
K,0,21200506,0.0
K,0,21200507,0.0
K,0,21200508,0.0
K,0,21200509,0.0
K,0,21200510,0.0
K,0,21200511,0.0
K,0,21200512,0.0
K,0,21200513,0.0
K,0,21200514,0.0
K,0,21200515,0.0
K,0,21200516,0.0
K,0,21200517,0.0
K,0,21200518,0.0
K,0,21200519,0.0
K,0,21200520,0.0
K,0,21200521,0.0
K,0,21200522,0.0
K,0,21200523,0.0
K,0,21200524,0.0
K,0,21200525,0.0
K,0,21200526,0.0
K,0,21200527,0.0
K,0,21200528,0.0
K,0,21200529,0.0
K,0,21200530,0.0
K,0,21200531,0.0
K,0,21200601,1.0986122886681098
K,0,21200602,0.0
K,0,21200603,1.9459101490553132
K,0,21200604,1.3862943611198906
K,0,21200605,1.791759469228055
K,0,21200606,2.995732273553991
K,0,21200607,1.791759469228055
K,0,21200608,1.9459101490553132
K,0,21200609,2.6390573296152584
K,0,21200610,3.6635616461296463
K,0,21200611,3.4339872044851463
K,0,21200612,3.8066624897703196
K,0,21200613,4.356708826689592
K,0,21200614,4.812184355372417
K,0,21200615,5.0106352940962555
K,0,21200616,5.204006687076795
K,0,21200617,5.579729825986222
K,0,21200618,5.4116460518550396
K,0,21200619,5.568344503761097
K,0,21200620,5.375278407684165
K,0,21200621,4.9344739331306915
K,0,21200622,5.438079308923196
K,0,21200623,5.342334251964811
K,0,21200624,5.075173815233827
K,0,21200625,4.90527477843843
K,0,21200626,4.68213122712422
K,0,21200627,4.442651256490317
K,0,21200628,4.143134726391533
K,0,21200629,3.970291913552122
K,1,21200501,0.0
K,1,21200502,0.0
K,1,21200503,0.0
K,1,21200504,0.0
K,1,21200505,0.0
K,1,21200506,0.0
K,1,21200507,0.0
K,1,21200508,0.0
K,1,21200509,0.0
K,1,21200510,0.0
K,1,21200511,0.0
K,1,21200512,0.0
K,1,21200513,0.0
K,1,21200514,0.0
K,1,21200515,0.0
K,1,21200516,0.0
K,1,21200517,0.0
K,1,21200518,0.0
K,1,21200519,0.0
K,1,21200520,0.0
K,1,21200521,0.0
K,1,21200522,0.0
K,1,21200523,0.0
K,1,21200524,0.0
K,1,21200525,0.0
K,1,21200526,0.0
K,1,21200527,0.0
K,1,21200528,0.0
K,1,21200529,0.0
K,1,21200530,0.0
K,1,21200531,1.0986122886681098
K,1,21200601,0.0
K,1,21200602,0.0
K,1,21200603,1.791759469228055
K,1,21200604,2.3978952727983707
K,1,21200605,2.70805020110221
K,1,21200606,2.5649493574615367
K,1,21200607,2.772588722239781
K,1,21200608,3.5263605246161616
K,1,21200609,3.871201010907891
K,1,21200610,4.07753744390572
K,1,21200611,4.007333185232471
K,1,21200612,4.499809670330265
K,1,21200613,4.51085950651685
K,1,21200614,5.241747015059643
K,1,21200615,5.2574953720277815
K,1,21200616,5.288267030694535
K,1,21200617,5.560681631015528
K,1,21200618,5.713732805509369
K,1,21200619,5.768320995793772
K,1,21200620,5.707110264748875
K,1,21200621,5.153291594497779
K,1,21200622,5.3612921657094255
K,1,21200623,5.556828061699537
K,1,21200624,5.247024072160486
K,1,21200625,4.927253685157205
K,1,21200626,4.624972813284271
K,1,21200627,4.02535169073515
K,1,21200628,3.58351893845611
K,1,21200629,3.295836866004329
K,2,21200501,0.0
K,2,21200502,0.0
K,2,21200503,0.0
K,2,21200504,0.0
K,2,21200505,0.0
K,2,21200506,0.0
K,2,21200507,0.0
K,2,21200508,0.0
K,2,21200509,0.0
K,2,21200510,0.0
K,2,21200511,0.0
K,2,21200512,0.0
K,2,21200513,0.0
K,2,21200514,0.0
K,2,21200515,0.0
K,2,21200516,0.0
K,2,21200517,0.0
K,2,21200518,0.0
K,2,21200519,0.0
K,2,21200520,0.0
K,2,21200521,0.0
K,2,21200522,0.0
K,2,21200523,0.0
K,2,21200524,0.0
K,2,21200525,0.0
K,2,21200526,0.0
K,2,21200527,0.0
K,2,21200528,0.0
K,2,21200529,0.0
K,2,21200530,0.0
K,2,21200531,0.0
K,2,21200601,0.0
K,2,21200602,0.0
K,2,21200603,0.0
K,2,21200604,0.0
K,2,21200605,1.3862943611198906
K,2,21200606,1.6094379124341003
K,2,21200607,2.0794415416798357
K,2,21200608,2.0794415416798357
K,2,21200609,2.1972245773362196
K,2,21200610,2.3978952727983707
K,2,21200611,2.70805020110221
K,2,21200612,3.58351893845611
K,2,21200613,4.23410650459726
K,2,21200614,4.0943445622221
K,2,21200615,4.875197323201151
K,2,21200616,5.231108616854587
K,2,21200617,5.231108616854587
K,2,21200618,5.049856007249537
K,2,21200619,5.402677381872279
K,2,21200620,5.384495062789089
K,2,21200621,4.382026634673881
K,2,21200622,4.969813299576001
K,2,21200623,5.214935757608986
K,2,21200624,5.0689042022202315
K,2,21200625,4.941642422609304
K,2,21200626,4.770684624465665
K,2,21200627,4.060443010546419
K,2,21200628,4.07753744390572
K,2,21200629,4.23410650459726
K,3,21200501,0.0
K,3,21200502,0.0
K,3,21200503,0.0
K,3,21200504,0.0
K,3,21200505,0.0
K,3,21200506,0.0
K,3,21200507,0.0
K,3,21200508,0.0
K,3,21200509,0.0
K,3,21200510,0.0
K,3,21200511,0.0
K,3,21200512,0.0
K,3,21200513,0.0
K,3,21200514,0.0
K,3,21200515,0.0
K,3,21200516,0.0
K,3,21200517,0.0
K,3,21200518,0.0
K,3,21200519,0.0
K,3,21200520,0.0
K,3,21200521,0.0
K,3,21200522,0.0
K,3,21200523,0.0
K,3,21200524,0.0
K,3,21200525,0.0
K,3,21200526,0.0
K,3,21200527,0.0
K,3,21200528,0.0
K,3,21200529,0.0
K,3,21200530,0.6931471805599453
K,3,21200531,0.6931471805599453
K,3,21200601,0.6931471805599453
K,3,21200602,0.0
K,3,21200603,1.6094379124341003
K,3,21200604,2.3978952727983707
K,3,21200605,3.1354942159291497
K,3,21200606,3.5553480614894135
K,3,21200607,3.4011973816621555
K,3,21200608,3.9318256327243257
K,3,21200609,4.110873864173311
K,3,21200610,4.465908118654584
K,3,21200611,4.499809670330265
K,3,21200612,4.882801922586371
K,3,21200613,4.919980925828125
K,3,21200614,5.44673737166631
K,3,21200615,5.71042701737487
K,3,21200616,5.857933154483459
K,3,21200617,5.755742213586912
K,3,21200618,5.991464547107982
K,3,21200619,5.978885764901122
K,3,21200620,5.886104031450156
K,3,21200621,5.2574953720277815
K,3,21200622,5.480638923341991
K,3,21200623,5.62040086571715
K,3,21200624,5.402677381872279
K,3,21200625,5.1298987149230735
K,3,21200626,4.7535901911063645
K,3,21200627,4.143134726391533
K,3,21200628,3.828641396489095
K,3,21200629,3.6635616461296463
K,4,21200501,0.0
K,4,21200502,0.0
K,4,21200503,0.0
K,4,21200504,0.0
K,4,21200505,0.0
K,4,21200506,0.0
K,4,21200507,0.0
K,4,21200508,0.0
K,4,21200509,0.0
K,4,21200510,0.0
K,4,21200511,0.0
K,4,21200512,0.0
K,4,21200513,0.0
K,4,21200514,0.0
K,4,21200515,0.0
K,4,21200516,0.0
K,4,21200517,0.0
K,4,21200518,0.0
K,4,21200519,0.0
K,4,21200520,0.0
K,4,21200521,0.0
K,4,21200522,0.0
K,4,21200523,0.0
K,4,21200524,0.0
K,4,21200525,0.0
K,4,21200526,0.0
K,4,21200527,0.0
K,4,21200528,0.0
K,4,21200529,0.0
K,4,21200530,0.0
K,4,21200531,1.6094379124341003
K,4,21200601,1.791759469228055
K,4,21200602,3.1780538303479458
K,4,21200603,2.70805020110221
K,4,21200604,2.4849066497880004
K,4,21200605,2.995732273553991
K,4,21200606,2.772588722239781
K,4,21200607,2.8903717578961645
K,4,21200608,3.58351893845611
K,4,21200609,3.367295829986474
K,4,21200610,3.8066624897703196
K,4,21200611,3.6635616461296463
K,4,21200612,4.553876891600541
K,4,21200613,4.844187086458591
K,4,21200614,5.0106352940962555
K,4,21200615,5.062595033026967
K,4,21200616,5.111987788356544
K,4,21200617,5.476463551931511
K,4,21200618,5.303304908059076
K,4,21200619,5.393627546352362
K,4,21200620,5.288267030694535
K,4,21200621,4.499809670330265
K,4,21200622,5.056245805348308
K,4,21200623,5.0238805208462765
K,4,21200624,4.795790545596741
K,4,21200625,4.59511985013459
K,4,21200626,4.290459441148391
K,4,21200627,3.6635616461296463
K,4,21200628,3.1780538303479458
K,4,21200629,2.70805020110221
K,5,21200501,0.0
K,5,21200502,0.0
K,5,21200503,0.0
K,5,21200504,0.0
K,5,21200505,0.0
K,5,21200506,0.0
K,5,21200507,0.0
K,5,21200508,0.0
K,5,21200509,0.0
K,5,21200510,0.0
K,5,21200511,0.0
K,5,21200512,0.0
K,5,21200513,0.0
K,5,21200514,0.0
K,5,21200515,0.0
K,5,21200516,0.0
K,5,21200517,0.0
K,5,21200518,0.0
K,5,21200519,0.0
K,5,21200520,0.0
K,5,21200521,0.0
K,5,21200522,0.0
K,5,21200523,1.791759469228055
K,5,21200524,0.0
K,5,21200525,0.0
K,5,21200526,1.3862943611198906
K,5,21200527,1.6094379124341003
K,5,21200528,2.5649493574615367
K,5,21200529,3.4657359027997265
K,5,21200530,3.258096538021482
K,5,21200531,3.7376696182833684
K,5,21200601,3.9889840465642745
K,5,21200602,4.795790545596741
K,5,21200603,5.225746673713202
K,5,21200604,5.472270673671475
K,5,21200605,5.153291594497779
K,5,21200606,5.170483995038151
K,5,21200607,5.472270673671475
K,5,21200608,5.978885764901122
K,5,21200609,6.111467339502679
K,5,21200610,6.444131256700441
K,5,21200611,6.556778356158042
K,5,21200612,6.854354502255021
K,5,21200613,6.96979066990159
K,5,21200614,7.257707677160043
K,5,21200615,7.424761761823209
K,5,21200616,7.591861714889934
K,5,21200617,7.611347717403621
K,5,21200618,7.6004023345004
K,5,21200619,7.560080465021827
K,5,21200620,7.398174092970465
K,5,21200621,6.60934924316738
K,5,21200622,6.93537044601511
K,5,21200623,7.044905117129371
K,5,21200624,6.846943139585379
K,5,21200625,6.559615237493242
K,5,21200626,6.091309882077698
K,5,21200627,5.308267697401205
K,5,21200628,5.123963979403259
K,5,21200629,4.795790545596741
K,6,21200501,0.0
K,6,21200502,0.0
K,6,21200503,0.0
K,6,21200504,0.0
K,6,21200505,0.0
K,6,21200506,0.0
K,6,21200507,0.0
K,6,21200508,0.0
K,6,21200509,0.0
K,6,21200510,0.0
K,6,21200511,0.0
K,6,21200512,0.0
K,6,21200513,0.0
K,6,21200514,0.0
K,6,21200515,0.0
K,6,21200516,0.0
K,6,21200517,0.0
K,6,21200518,0.0
K,6,21200519,0.0
K,6,21200520,0.0
K,6,21200521,0.0
K,6,21200522,0.0
K,6,21200523,0.0
K,6,21200524,0.0
K,6,21200525,0.0
K,6,21200526,0.0
K,6,21200527,0.0
K,6,21200528,0.0
K,6,21200529,2.995732273553991
K,6,21200530,1.6094379124341003
K,6,21200531,1.3862943611198906
K,6,21200601,2.3978952727983707
K,6,21200602,3.713572066704308
K,6,21200603,4.204692619390966
K,6,21200604,3.8918202981106265
K,6,21200605,3.367295829986474
K,6,21200606,3.5553480614894135
K,6,21200607,4.127134385045092
K,6,21200608,4.532599493153256
K,6,21200609,3.970291913552122
K,6,21200610,4.61512051684126
K,6,21200611,4.8283137373023015
K,6,21200612,5.187385805840755
K,6,21200613,5.501258210544727
K,6,21200614,5.3471075307174685
K,6,21200615,5.6131281063880705
K,6,21200616,5.823045895483019
K,6,21200617,5.849324779946859
K,6,21200618,6.045005314036012
K,6,21200619,6.035481432524756
K,6,21200620,5.697093486505405
K,6,21200621,4.770684624465665
K,6,21200622,5.583496308781699
K,6,21200623,5.707110264748875
K,6,21200624,5.442417710521793
K,6,21200625,5.075173815233827
K,6,21200626,4.442651256490317
K,6,21200627,3.8918202981106265
K,6,21200628,3.970291913552122
K,6,21200629,3.713572066704308
K,7,21200501,0.0
K,7,21200502,0.0
K,7,21200503,0.0
K,7,21200504,0.0
K,7,21200505,0.0
K,7,21200506,0.0
K,7,21200507,0.0
K,7,21200508,0.0
K,7,21200509,0.0
K,7,21200510,0.0
K,7,21200511,0.0
K,7,21200512,0.0
K,7,21200513,0.0
K,7,21200514,0.0
K,7,21200515,0.0
K,7,21200516,0.0
K,7,21200517,0.0
K,7,21200518,0.0
K,7,21200519,0.0
K,7,21200520,0.0
K,7,21200521,0.0
K,7,21200522,0.0
K,7,21200523,0.0
K,7,21200524,0.0
K,7,21200525,0.0
K,7,21200526,0.0
K,7,21200527,0.0
K,7,21200528,0.0
K,7,21200529,0.0
K,7,21200530,0.0
K,7,21200531,0.0
K,7,21200601,1.0986122886681098
K,7,21200602,1.9459101490553132
K,7,21200603,1.3862943611198906
K,7,21200604,1.9459101490553132
K,7,21200605,2.9444389791664403
K,7,21200606,1.9459101490553132
K,7,21200607,2.995732273553991
K,7,21200608,2.5649493574615367
K,7,21200609,3.1354942159291497
K,7,21200610,3.5263605246161616
K,7,21200611,3.367295829986474
K,7,21200612,3.8501476017100584
K,7,21200613,3.8501476017100584
K,7,21200614,4.23410650459726
K,7,21200615,4.465908118654584
K,7,21200616,4.61512051684126
K,7,21200617,4.7535901911063645
K,7,21200618,5.225746673713202
K,7,21200619,5.017279836814924
K,7,21200620,5.093750200806762
K,7,21200621,4.330733340286331
K,7,21200622,4.68213122712422
K,7,21200623,4.795790545596741
K,7,21200624,4.859812404361672
K,7,21200625,4.5217885770490405
K,7,21200626,3.8918202981106265
K,7,21200627,3.258096538021482
K,7,21200628,3.2188758248682006
K,7,21200629,2.772588722239781
K,8,21200501,0.0
K,8,21200502,0.0
K,8,21200503,0.0
K,8,21200504,0.0
K,8,21200505,0.0
K,8,21200506,0.0
K,8,21200507,0.0
K,8,21200508,0.0
K,8,21200509,0.0
K,8,21200510,0.0
K,8,21200511,0.0
K,8,21200512,0.0
K,8,21200513,0.0
K,8,21200514,0.0
K,8,21200515,0.0
K,8,21200516,0.0
K,8,21200517,0.0
K,8,21200518,0.0
K,8,21200519,0.0
K,8,21200520,0.0
K,8,21200521,0.0
K,8,21200522,0.0
K,8,21200523,0.0
K,8,21200524,0.0
K,8,21200525,0.0
K,8,21200526,0.0
K,8,21200527,0.0
K,8,21200528,0.0
K,8,21200529,0.0
K,8,21200530,0.0
K,8,21200531,0.0
K,8,21200601,0.0
K,8,21200602,0.0
K,8,21200603,0.0
K,8,21200604,2.0794415416798357
K,8,21200605,2.833213344056216
K,8,21200606,1.9459101490553132
K,8,21200607,2.4849066497880004
K,8,21200608,1.3862943611198906
K,8,21200609,3.295836866004329
K,8,21200610,3.8501476017100584
K,8,21200611,4.007333185232471
K,8,21200612,4.3694478524670215
K,8,21200613,4.248495242049359
K,8,21200614,4.812184355372417
K,8,21200615,5.099866427824199
K,8,21200616,5.3981627015177525
K,8,21200617,5.384495062789089
K,8,21200618,5.303304908059076
K,8,21200619,5.111987788356544
K,8,21200620,5.153291594497779
K,8,21200621,4.110873864173311
K,8,21200622,4.5217885770490405
K,8,21200623,4.941642422609304
K,8,21200624,4.574710978503383
K,8,21200625,4.343805421853684
K,8,21200626,4.04305126783455
K,8,21200627,3.4965075614664802
K,8,21200628,3.258096538021482
K,8,21200629,3.367295829986474
K,9,21200501,0.0
K,9,21200502,0.0
K,9,21200503,0.0
K,9,21200504,0.0
K,9,21200505,0.0
K,9,21200506,0.0
K,9,21200507,0.0
K,9,21200508,0.0
K,9,21200509,0.0
K,9,21200510,0.0
K,9,21200511,0.0
K,9,21200512,0.0
K,9,21200513,0.0
K,9,21200514,0.0
K,9,21200515,0.0
K,9,21200516,0.0
K,9,21200517,0.0
K,9,21200518,0.0
K,9,21200519,0.0
K,9,21200520,0.0
K,9,21200521,0.0
K,9,21200522,0.0
K,9,21200523,0.0
K,9,21200524,0.0
K,9,21200525,0.0
K,9,21200526,2.1972245773362196
K,9,21200527,0.0
K,9,21200528,1.0986122886681098
K,9,21200529,2.302585092994046
K,9,21200530,1.791759469228055
K,9,21200531,2.5649493574615367
K,9,21200601,2.3978952727983707
K,9,21200602,3.258096538021482
K,9,21200603,3.5263605246161616
K,9,21200604,3.6888794541139363
K,9,21200605,4.394449154672439
K,9,21200606,4.442651256490317
K,9,21200607,4.927253685157205
K,9,21200608,5.402677381872279
K,9,21200609,5.5909869805108565
K,9,21200610,5.955837369464831
K,9,21200611,5.937536205082426
K,9,21200612,6.401917196727186
K,9,21200613,6.551080335043404
K,9,21200614,6.80903930604298
K,9,21200615,6.992096427415888
K,9,21200616,7.121252453244542
K,9,21200617,7.113142108707088
K,9,21200618,7.136483208590247
K,9,21200619,7.201916317531627
K,9,21200620,7.017506142941256
K,9,21200621,6.280395838960195
K,9,21200622,6.606650186198215
K,9,21200623,6.61338421837956
K,9,21200624,6.447305862541213
K,9,21200625,6.159095388491933
K,9,21200626,5.811140992976701
K,9,21200627,4.948759890378168
K,9,21200628,4.736198448394496
K,9,21200629,4.605170185988092
K,10,21200501,0.0
K,10,21200502,0.0
K,10,21200503,0.0
K,10,21200504,0.0
K,10,21200505,0.0
K,10,21200506,0.0
K,10,21200507,0.0
K,10,21200508,0.0
K,10,21200509,0.0
K,10,21200510,0.0
K,10,21200511,0.0
K,10,21200512,0.0
K,10,21200513,0.0
K,10,21200514,0.0
K,10,21200515,0.0
K,10,21200516,0.0
K,10,21200517,0.0
K,10,21200518,0.0
K,10,21200519,0.0
K,10,21200520,0.0
K,10,21200521,0.0
K,10,21200522,0.0
K,10,21200523,0.0
K,10,21200524,0.0
K,10,21200525,0.0
K,10,21200526,1.791759469228055
K,10,21200527,0.0
K,10,21200528,0.6931471805599453
K,10,21200529,1.791759469228055
K,10,21200530,3.4339872044851463
K,10,21200531,3.367295829986474
K,10,21200601,4.143134726391533
K,10,21200602,4.1588830833596715
K,10,21200603,5.262690188904886
K,10,21200604,5.8289456176102075
K,10,21200605,5.529429087511423
K,10,21200606,5.480638923341991
K,10,21200607,5.720311776607412
K,10,21200608,6.12029741895095
K,10,21200609,6.4425401664681985
K,10,21200610,6.678342114654332
K,10,21200611,6.85751406254539
K,10,21200612,6.99117688712121
K,10,21200613,7.27931883541462
K,10,21200614,7.528869256642251
K,10,21200615,7.649216319820633
K,10,21200616,7.753194269884341
K,10,21200617,7.925157512224703
K,10,21200618,7.949444420250626
K,10,21200619,7.958576903813898
K,10,21200620,7.796057974316123
K,10,21200621,7.027314514039777
K,10,21200622,7.389563953677635
K,10,21200623,7.465655310134056
K,10,21200624,7.265429723253953
K,10,21200625,7.013915474810528
K,10,21200626,6.53813982376767
K,10,21200627,5.8805329864007
K,10,21200628,5.476463551931511
K,10,21200629,5.288267030694535
K,11,21200501,0.0
K,11,21200502,0.0
K,11,21200503,0.0
K,11,21200504,0.0
K,11,21200505,0.0
K,11,21200506,0.0
K,11,21200507,0.0
K,11,21200508,0.0
K,11,21200509,0.0
K,11,21200510,0.0
K,11,21200511,0.0
K,11,21200512,0.0
K,11,21200513,0.0
K,11,21200514,0.0
K,11,21200515,0.0
K,11,21200516,0.0
K,11,21200517,0.0
K,11,21200518,0.0
K,11,21200519,0.0
K,11,21200520,0.0
K,11,21200521,0.0
K,11,21200522,0.0
K,11,21200523,0.0
K,11,21200524,0.0
K,11,21200525,0.0
K,11,21200526,0.0
K,11,21200527,1.0986122886681098
K,11,21200528,1.3862943611198906
K,11,21200529,1.0986122886681098
K,11,21200530,1.9459101490553132
K,11,21200531,0.6931471805599453
K,11,21200601,0.6931471805599453
K,11,21200602,1.791759469228055
K,11,21200603,2.70805020110221
K,11,21200604,2.995732273553991
K,11,21200605,3.1780538303479458
K,11,21200606,3.044522437723423
K,11,21200607,3.332204510175204
K,11,21200608,4.382026634673881
K,11,21200609,4.248495242049359
K,11,21200610,4.852030263919617
K,11,21200611,4.962844630259907
K,11,21200612,5.303304908059076
K,11,21200613,5.298317366548036
K,11,21200614,5.749392985908253
K,11,21200615,5.860786223465865
K,11,21200616,5.955837369464831
K,11,21200617,5.950642552587727
K,11,21200618,6.028278520230698
K,11,21200619,6.202535517187923
K,11,21200620,6.152732694704104
K,11,21200621,5.214935757608986
K,11,21200622,5.3706380281276624
K,11,21200623,5.579729825986222
K,11,21200624,5.5134287461649825
K,11,21200625,5.087596335232384
K,11,21200626,4.499809670330265
K,11,21200627,4.007333185232471
K,11,21200628,3.871201010907891
K,11,21200629,3.2188758248682006
K,12,21200501,0.0
K,12,21200502,0.0
K,12,21200503,0.0
K,12,21200504,0.0
K,12,21200505,0.0
K,12,21200506,0.0
K,12,21200507,0.0
K,12,21200508,0.0
K,12,21200509,0.0
K,12,21200510,0.0
K,12,21200511,0.0
K,12,21200512,0.0
K,12,21200513,0.0
K,12,21200514,0.0
K,12,21200515,0.0
K,12,21200516,0.0
K,12,21200517,0.0
K,12,21200518,0.0
K,12,21200519,0.0
K,12,21200520,0.0
K,12,21200521,0.0
K,12,21200522,0.0
K,12,21200523,0.0
K,12,21200524,0.0
K,12,21200525,0.0
K,12,21200526,0.0
K,12,21200527,0.0
K,12,21200528,0.0
K,12,21200529,0.0
K,12,21200530,0.0
K,12,21200531,0.0
K,12,21200601,1.0986122886681098
K,12,21200602,1.6094379124341003
K,12,21200603,0.6931471805599453
K,12,21200604,1.3862943611198906
K,12,21200605,2.5649493574615367
K,12,21200606,1.791759469228055
K,12,21200607,1.9459101490553132
K,12,21200608,2.302585092994046
K,12,21200609,2.5649493574615367
K,12,21200610,2.995732273553991
K,12,21200611,2.995732273553991
K,12,21200612,3.4339872044851463
K,12,21200613,3.6109179126442243
K,12,21200614,4.060443010546419
K,12,21200615,4.219507705176107
K,12,21200616,4.356708826689592
K,12,21200617,4.477336814478207
K,12,21200618,4.356708826689592
K,12,21200619,4.553876891600541
K,12,21200620,4.51085950651685
K,12,21200621,3.912023005428146
K,12,21200622,4.007333185232471
K,12,21200623,3.9318256327243257
K,12,21200624,3.784189633918261
K,12,21200625,3.4657359027997265
K,12,21200626,3.1354942159291497
K,12,21200627,2.995732273553991
K,12,21200628,2.833213344056216
K,12,21200629,2.1972245773362196
K,13,21200501,0.0
K,13,21200502,0.0
K,13,21200503,0.0
K,13,21200504,0.0
K,13,21200505,0.0
K,13,21200506,0.0
K,13,21200507,0.0
K,13,21200508,0.0
K,13,21200509,0.0
K,13,21200510,0.0
K,13,21200511,0.0
K,13,21200512,0.0
K,13,21200513,0.0
K,13,21200514,0.0
K,13,21200515,0.0
K,13,21200516,0.0
K,13,21200517,0.0
K,13,21200518,0.0
K,13,21200519,0.0
K,13,21200520,0.0
K,13,21200521,0.0
K,13,21200522,0.0
K,13,21200523,0.0
K,13,21200524,0.0
K,13,21200525,0.0
K,13,21200526,0.0
K,13,21200527,0.0
K,13,21200528,1.6094379124341003
K,13,21200529,0.0
K,13,21200530,0.0
K,13,21200531,0.0
K,13,21200601,0.0
K,13,21200602,1.3862943611198906
K,13,21200603,2.1972245773362196
K,13,21200604,2.302585092994046
K,13,21200605,2.6390573296152584
K,13,21200606,2.772588722239781
K,13,21200607,3.044522437723423
K,13,21200608,3.6375861597263857
K,13,21200609,3.4339872044851463
K,13,21200610,4.343805421853684
K,13,21200611,4.499809670330265
K,13,21200612,4.553876891600541
K,13,21200613,4.74493212836325
K,13,21200614,5.327876168789581
K,13,21200615,5.4680601411351315
K,13,21200616,5.58724865840025
K,13,21200617,5.717027701406222
K,13,21200618,5.932245187448011
K,13,21200619,6.052089168924417
K,13,21200620,5.976350909297934
K,13,21200621,5.135798437050262
K,13,21200622,5.5093883366279774
K,13,21200623,5.598421958998375
K,13,21200624,5.5093883366279774
K,13,21200625,5.19295685089021
K,13,21200626,4.867534450455582
K,13,21200627,3.8918202981106265
K,13,21200628,3.7376696182833684
K,13,21200629,3.295836866004329
K,14,21200501,0.0
K,14,21200502,0.0
K,14,21200503,0.0
K,14,21200504,0.0
K,14,21200505,0.0
K,14,21200506,0.0
K,14,21200507,0.0
K,14,21200508,0.0
K,14,21200509,0.0
K,14,21200510,0.0
K,14,21200511,0.0
K,14,21200512,0.0
K,14,21200513,0.0
K,14,21200514,0.0
K,14,21200515,0.0
K,14,21200516,0.0
K,14,21200517,0.0
K,14,21200518,0.0
K,14,21200519,0.0
K,14,21200520,0.0
K,14,21200521,0.0
K,14,21200522,0.0
K,14,21200523,0.0
K,14,21200524,0.0
K,14,21200525,0.0
K,14,21200526,0.0
K,14,21200527,0.0
K,14,21200528,0.0
K,14,21200529,0.0
K,14,21200530,0.0
K,14,21200531,0.6931471805599453
K,14,21200601,0.0
K,14,21200602,1.3862943611198906
K,14,21200603,1.3862943611198906
K,14,21200604,1.6094379124341003
K,14,21200605,2.4849066497880004
K,14,21200606,0.6931471805599453
K,14,21200607,1.3862943611198906
K,14,21200608,2.3978952727983707
K,14,21200609,3.2188758248682006
K,14,21200610,1.6094379124341003
K,14,21200611,3.295836866004329
K,14,21200612,3.044522437723423
K,14,21200613,3.6635616461296463
K,14,21200614,4.219507705176107
K,14,21200615,4.356708826689592
K,14,21200616,4.51085950651685
K,14,21200617,4.77912349311153
K,14,21200618,4.836281906951478
K,14,21200619,4.90527477843843
K,14,21200620,4.836281906951478
K,14,21200621,4.1588830833596715
K,14,21200622,4.68213122712422
K,14,21200623,4.709530201312334
K,14,21200624,4.634728988229636
K,14,21200625,4.454347296253507
K,14,21200626,4.143134726391533
K,14,21200627,3.2188758248682006
K,14,21200628,2.9444389791664403
K,14,21200629,2.3978952727983707
K,15,21200501,0.0
K,15,21200502,0.0
K,15,21200503,0.0
K,15,21200504,0.0
K,15,21200505,0.0
K,15,21200506,0.0
K,15,21200507,0.0
K,15,21200508,0.0
K,15,21200509,0.0
K,15,21200510,0.0
K,15,21200511,0.0
K,15,21200512,0.0
K,15,21200513,0.0
K,15,21200514,0.0
K,15,21200515,0.0
K,15,21200516,0.0
K,15,21200517,0.0
K,15,21200518,0.0
K,15,21200519,0.0
K,15,21200520,0.0
K,15,21200521,0.0
K,15,21200522,0.0
K,15,21200523,0.0
K,15,21200524,0.0
K,15,21200525,0.0
K,15,21200526,0.0
K,15,21200527,0.0
K,15,21200528,0.0
K,15,21200529,0.0
K,15,21200530,0.0
K,15,21200531,0.0
K,15,21200601,0.0
K,15,21200602,0.0
K,15,21200603,0.0
K,15,21200604,3.044522437723423
K,15,21200605,3.4965075614664802
K,15,21200606,2.70805020110221
K,15,21200607,3.6635616461296463
K,15,21200608,3.7376696182833684
K,15,21200609,4.07753744390572
K,15,21200610,4.983606621708336
K,15,21200611,5.0689042022202315
K,15,21200612,4.997212273764115
K,15,21200613,5.631211781821365
K,15,21200614,6.278521424165844
K,15,21200615,6.3561076606958915
K,15,21200616,6.411818267709897
K,15,21200617,6.483107351457199
K,15,21200618,6.733401891837359
K,15,21200619,6.882437470997847
K,15,21200620,6.717804695023691
K,15,21200621,5.945420608606575
K,15,21200622,6.030685260261263
K,15,21200623,6.289715570908998
K,15,21200624,6.073044534100405
K,15,21200625,5.717027701406222
K,15,21200626,5.1298987149230735
K,15,21200627,4.634728988229636
K,15,21200628,4.290459441148391
K,15,21200629,4.02535169073515
K,16,21200501,0.0
K,16,21200502,0.0
K,16,21200503,0.0
K,16,21200504,0.0
K,16,21200505,0.0
K,16,21200506,0.0
K,16,21200507,0.0
K,16,21200508,0.0
K,16,21200509,0.0
K,16,21200510,0.0
K,16,21200511,0.0
K,16,21200512,0.0
K,16,21200513,0.0
K,16,21200514,0.0
K,16,21200515,0.0
K,16,21200516,0.0
K,16,21200517,0.0
K,16,21200518,0.0
K,16,21200519,0.0
K,16,21200520,0.0
K,16,21200521,0.0
K,16,21200522,0.0
K,16,21200523,0.0
K,16,21200524,0.0
K,16,21200525,0.0
K,16,21200526,0.0
K,16,21200527,0.0
K,16,21200528,0.0
K,16,21200529,0.0
K,16,21200530,1.0986122886681098
K,16,21200531,1.0986122886681098
K,16,21200601,1.0986122886681098
K,16,21200602,1.0986122886681098
K,16,21200603,0.6931471805599453
K,16,21200604,2.302585092994046
K,16,21200605,3.044522437723423
K,16,21200606,2.3978952727983707
K,16,21200607,2.1972245773362196
K,16,21200608,3.091042453358316
K,16,21200609,3.091042453358316
K,16,21200610,3.6375861597263857
K,16,21200611,3.4339872044851463
K,16,21200612,3.828641396489095
K,16,21200613,4.060443010546419
K,16,21200614,3.9512437185814275
K,16,21200615,4.564348191467836
K,16,21200616,4.976733742420574
K,16,21200617,5.14166355650266
K,16,21200618,5.220355825078324
K,16,21200619,5.332718793265369
K,16,21200620,5.3981627015177525
K,16,21200621,4.394449154672439
K,16,21200622,5.123963979403259
K,16,21200623,5.356586274672012
K,16,21200624,5.043425116919247
K,16,21200625,4.812184355372417
K,16,21200626,4.454347296253507
K,16,21200627,3.6888794541139363
K,16,21200628,3.5263605246161616
K,16,21200629,3.4965075614664802
K,17,21200501,0.0
K,17,21200502,0.0
K,17,21200503,0.0
K,17,21200504,0.0
K,17,21200505,0.0
K,17,21200506,0.0
K,17,21200507,0.0
K,17,21200508,0.0
K,17,21200509,0.0
K,17,21200510,0.0
K,17,21200511,0.0
K,17,21200512,0.0
K,17,21200513,0.0
K,17,21200514,0.0
K,17,21200515,0.0
K,17,21200516,0.0
K,17,21200517,0.0
K,17,21200518,0.0
K,17,21200519,0.0
K,17,21200520,0.0
K,17,21200521,0.0
K,17,21200522,0.0
K,17,21200523,0.0
K,17,21200524,0.0
K,17,21200525,0.0
K,17,21200526,0.0
K,17,21200527,0.0
K,17,21200528,0.0
K,17,21200529,0.0
K,17,21200530,0.0
K,17,21200531,0.0
K,17,21200601,0.0
K,17,21200602,1.0986122886681098
K,17,21200603,1.791759469228055
K,17,21200604,2.0794415416798357
K,17,21200605,1.9459101490553132
K,17,21200606,2.302585092994046
K,17,21200607,1.9459101490553132
K,17,21200608,2.4849066497880004
K,17,21200609,3.295836866004329
K,17,21200610,3.258096538021482
K,17,21200611,3.4011973816621555
K,17,21200612,4.060443010546419
K,17,21200613,4.219507705176107
K,17,21200614,4.430816798843313
K,17,21200615,4.795790545596741
K,17,21200616,5.1298987149230735
K,17,21200617,4.976733742420574
K,17,21200618,5.209486152841421
K,17,21200619,5.393627546352362
K,17,21200620,5.4116460518550396
K,17,21200621,4.6913478822291435
K,17,21200622,5.236441962829949
K,17,21200623,5.236441962829949
K,17,21200624,4.948759890378168
K,17,21200625,4.762173934797756
K,17,21200626,4.553876891600541
K,17,21200627,3.8918202981106265
K,17,21200628,3.9318256327243257
K,17,21200629,3.295836866004329
K,18,21200501,0.0
K,18,21200502,0.0
K,18,21200503,0.0
K,18,21200504,0.0
K,18,21200505,0.0
K,18,21200506,0.0
K,18,21200507,0.0
K,18,21200508,0.0
K,18,21200509,0.0
K,18,21200510,0.0
K,18,21200511,0.0
K,18,21200512,0.0
K,18,21200513,0.0
K,18,21200514,0.0
K,18,21200515,0.0
K,18,21200516,0.0
K,18,21200517,0.0
K,18,21200518,0.0
K,18,21200519,0.0
K,18,21200520,0.0
K,18,21200521,0.0
K,18,21200522,0.0
K,18,21200523,0.0
K,18,21200524,0.0
K,18,21200525,0.0
K,18,21200526,0.0
K,18,21200527,0.0
K,18,21200528,0.0
K,18,21200529,0.0
K,18,21200530,0.0
K,18,21200531,0.0
K,18,21200601,0.0
K,18,21200602,0.0
K,18,21200603,1.791759469228055
K,18,21200604,0.0
K,18,21200605,1.791759469228055
K,18,21200606,2.3978952727983707
K,18,21200607,2.1972245773362196
K,18,21200608,1.9459101490553132
K,18,21200609,2.4849066497880004
K,18,21200610,3.4011973816621555
K,18,21200611,3.258096538021482
K,18,21200612,3.8501476017100584
K,18,21200613,4.02535169073515
K,18,21200614,4.290459441148391
K,18,21200615,4.543294782270004
K,18,21200616,4.7535901911063645
K,18,21200617,4.477336814478207
K,18,21200618,4.77912349311153
K,18,21200619,4.605170185988092
K,18,21200620,4.5217885770490405
K,18,21200621,3.9318256327243257
K,18,21200622,4.04305126783455
K,18,21200623,3.970291913552122
K,18,21200624,3.5263605246161616
K,18,21200625,3.332204510175204
K,18,21200626,3.044522437723423
K,18,21200627,3.091042453358316
K,18,21200628,2.5649493574615367
K,18,21200629,2.0794415416798357
K,19,21200501,0.0
K,19,21200502,0.0
K,19,21200503,0.0
K,19,21200504,0.0
K,19,21200505,0.0
K,19,21200506,0.0
K,19,21200507,0.0
K,19,21200508,0.0
K,19,21200509,0.0
K,19,21200510,0.0
K,19,21200511,0.0
K,19,21200512,0.0
K,19,21200513,0.0
K,19,21200514,0.0
K,19,21200515,0.0
K,19,21200516,0.0
K,19,21200517,0.0
K,19,21200518,0.0
K,19,21200519,0.0
K,19,21200520,0.0
K,19,21200521,0.0
K,19,21200522,0.0
K,19,21200523,0.0
K,19,21200524,0.0
K,19,21200525,0.0
K,19,21200526,0.0
K,19,21200527,0.0
K,19,21200528,0.0
K,19,21200529,0.0
K,19,21200530,1.6094379124341003
K,19,21200531,1.791759469228055
K,19,21200601,1.9459101490553132
K,19,21200602,0.6931471805599453
K,19,21200603,1.9459101490553132
K,19,21200604,3.367295829986474
K,19,21200605,3.1780538303479458
K,19,21200606,3.367295829986474
K,19,21200607,3.8066624897703196
K,19,21200608,3.7376696182833684
K,19,21200609,4.127134385045092
K,19,21200610,3.9318256327243257
K,19,21200611,4.382026634673881
K,19,21200612,4.836281906951478
K,19,21200613,5.14166355650266
K,19,21200614,5.247024072160486
K,19,21200615,5.365976015021851
K,19,21200616,5.476463551931511
K,19,21200617,5.575949103146316
K,19,21200618,5.697093486505405
K,19,21200619,5.634789603169249
K,19,21200620,5.3471075307174685
K,19,21200621,4.543294782270004
K,19,21200622,4.948759890378168
K,19,21200623,4.990432586778736
K,19,21200624,4.890349128221754
K,19,21200625,4.672828834461906
K,19,21200626,4.290459441148391
K,19,21200627,3.4339872044851463
K,19,21200628,3.044522437723423
K,19,21200629,2.1972245773362196
K,20,21200501,0.0
K,20,21200502,0.0
K,20,21200503,0.0
K,20,21200504,0.0
K,20,21200505,0.0
K,20,21200506,0.0
K,20,21200507,0.0
K,20,21200508,0.0
K,20,21200509,0.0
K,20,21200510,0.0
K,20,21200511,0.0
K,20,21200512,0.0
K,20,21200513,0.0
K,20,21200514,0.0
K,20,21200515,0.0
K,20,21200516,0.0
K,20,21200517,0.0
K,20,21200518,0.0
K,20,21200519,0.0
K,20,21200520,0.0
K,20,21200521,0.0
K,20,21200522,0.0
K,20,21200523,0.0
K,20,21200524,0.0
K,20,21200525,0.0
K,20,21200526,0.0
K,20,21200527,0.6931471805599453
K,20,21200528,0.0
K,20,21200529,0.0
K,20,21200530,1.0986122886681098
K,20,21200531,2.995732273553991
K,20,21200601,3.6888794541139363
K,20,21200602,4.543294782270004
K,20,21200603,4.0943445622221
K,20,21200604,4.30406509320417
K,20,21200605,3.9512437185814275
K,20,21200606,4.143134726391533
K,20,21200607,4.3694478524670215
K,20,21200608,4.3694478524670215
K,20,21200609,4.59511985013459
K,20,21200610,4.875197323201151
K,20,21200611,5.056245805348308
K,20,21200612,5.762051382780177
K,20,21200613,5.733341276897746
K,20,21200614,5.749392985908253
K,20,21200615,6.226536669287466
K,20,21200616,6.489204931325317
K,20,21200617,6.5337888379333435
K,20,21200618,6.54534966033442
K,20,21200619,6.52649485957079
K,20,21200620,5.926926025970411
K,20,21200621,5.402677381872279
K,20,21200622,6.2766434893416445
K,20,21200623,6.202535517187923
K,20,21200624,6.054439346269371
K,20,21200625,5.739792912179234
K,20,21200626,5.402677381872279
K,20,21200627,4.330733340286331
K,20,21200628,3.8918202981106265
K,20,21200629,4.653960350157523
K,21,21200501,0.0
K,21,21200502,0.0
K,21,21200503,0.0
K,21,21200504,0.0
K,21,21200505,0.0
K,21,21200506,0.0
K,21,21200507,0.0
K,21,21200508,0.0
K,21,21200509,0.0
K,21,21200510,0.0
K,21,21200511,0.0
K,21,21200512,0.0
K,21,21200513,0.0
K,21,21200514,0.0
K,21,21200515,0.0
K,21,21200516,0.0
K,21,21200517,0.0
K,21,21200518,0.0
K,21,21200519,0.0
K,21,21200520,0.0
K,21,21200521,0.0
K,21,21200522,0.0
K,21,21200523,0.0
K,21,21200524,0.0
K,21,21200525,0.0
K,21,21200526,0.0
K,21,21200527,0.0
K,21,21200528,0.0
K,21,21200529,1.791759469228055
K,21,21200530,1.6094379124341003
K,21,21200531,2.302585092994046
K,21,21200601,1.9459101490553132
K,21,21200602,2.4849066497880004
K,21,21200603,1.9459101490553132
K,21,21200604,2.833213344056216
K,21,21200605,2.1972245773362196
K,21,21200606,2.70805020110221
K,21,21200607,3.1354942159291497
K,21,21200608,3.6635616461296463
K,21,21200609,4.04305126783455
K,21,21200610,3.8501476017100584
K,21,21200611,3.9318256327243257
K,21,21200612,4.394449154672439
K,21,21200613,4.68213122712422
K,21,21200614,4.948759890378168
K,21,21200615,5.123963979403259
K,21,21200616,5.327876168789581
K,21,21200617,5.476463551931511
K,21,21200618,5.733341276897746
K,21,21200619,5.683579767338681
K,21,21200620,5.683579767338681
K,21,21200621,5.0369526024136295
K,21,21200622,5.4638318050256105
K,21,21200623,5.43372200355424
K,21,21200624,5.568344503761097
K,21,21200625,5.225746673713202
K,21,21200626,4.804021044733257
K,21,21200627,3.6375861597263857
K,21,21200628,3.4965075614664802
K,21,21200629,3.58351893845611
K,22,21200501,0.0
K,22,21200502,0.0
K,22,21200503,0.0
K,22,21200504,0.0
K,22,21200505,0.0
K,22,21200506,0.0
K,22,21200507,0.0
K,22,21200508,0.0
K,22,21200509,0.0
K,22,21200510,0.0
K,22,21200511,0.0
K,22,21200512,0.0
K,22,21200513,0.0
K,22,21200514,0.0
K,22,21200515,0.0
K,22,21200516,0.0
K,22,21200517,0.0
K,22,21200518,0.0
K,22,21200519,0.0
K,22,21200520,0.0
K,22,21200521,0.0
K,22,21200522,0.0
K,22,21200523,0.0
K,22,21200524,0.0
K,22,21200525,0.0
K,22,21200526,0.0
K,22,21200527,0.0
K,22,21200528,0.0
K,22,21200529,0.0
K,22,21200530,0.0
K,22,21200531,0.0
K,22,21200601,0.0
K,22,21200602,2.0794415416798357
K,22,21200603,3.2188758248682006
K,22,21200604,3.6888794541139363
K,22,21200605,3.912023005428146
K,22,21200606,4.189654742026425
K,22,21200607,4.23410650459726
K,22,21200608,4.3694478524670215
K,22,21200609,4.890349128221754
K,22,21200610,5.308267697401205
K,22,21200611,5.459585514144159
K,22,21200612,5.823045895483019
K,22,21200613,5.863631175598097
K,22,21200614,6.249975242259483
K,22,21200615,6.386879319362645
K,22,21200616,6.4967749901858625
K,22,21200617,6.591673732008658
K,22,21200618,6.595780513961311
K,22,21200619,6.646390514847729
K,22,21200620,6.368187186350492
K,22,21200621,5.583496308781699
K,22,21200622,5.973809611869261
K,22,21200623,5.955837369464831
K,22,21200624,5.872117789475416
K,22,21200625,5.54907608489522
K,22,21200626,5.1647859739235145
K,22,21200627,4.442651256490317
K,22,21200628,3.8918202981106265
K,22,21200629,3.8501476017100584
K,23,21200501,0.0
K,23,21200502,0.0
K,23,21200503,0.0
K,23,21200504,0.0
K,23,21200505,0.0
K,23,21200506,0.0
K,23,21200507,0.0
K,23,21200508,0.0
K,23,21200509,0.0
K,23,21200510,0.0
K,23,21200511,0.0
K,23,21200512,0.0
K,23,21200513,0.0
K,23,21200514,0.0
K,23,21200515,0.0
K,23,21200516,0.0
K,23,21200517,0.0
K,23,21200518,0.0
K,23,21200519,0.0
K,23,21200520,0.0
K,23,21200521,0.0
K,23,21200522,0.0
K,23,21200523,0.0
K,23,21200524,0.0
K,23,21200525,0.0
K,23,21200526,1.0986122886681098
K,23,21200527,0.0
K,23,21200528,0.0
K,23,21200529,0.6931471805599453
K,23,21200530,1.791759469228055
K,23,21200531,2.6390573296152584
K,23,21200601,2.0794415416798357
K,23,21200602,1.791759469228055
K,23,21200603,3.7376696182833684
K,23,21200604,4.343805421853684
K,23,21200605,4.867534450455582
K,23,21200606,4.634728988229636
K,23,21200607,4.762173934797756
K,23,21200608,5.10594547390058
K,23,21200609,5.497168225293202
K,23,21200610,5.752572638825633
K,23,21200611,6.163314804034641
K,23,21200612,6.400257445308821
K,23,21200613,6.493753839851686
K,23,21200614,6.786716950605081
K,23,21200615,7.009408932708637
K,23,21200616,7.206377291472252
K,23,21200617,7.179307969504034
K,23,21200618,7.117205503164344
K,23,21200619,7.110696122978827
K,23,21200620,7.069874128458572
K,23,21200621,6.202535517187923
K,23,21200622,6.3835066348840055
K,23,21200623,6.349138991379798
K,23,21200624,6.253828811575473
K,23,21200625,6.045005314036012
K,23,21200626,5.746203190540153
K,23,21200627,4.997212273764115
K,23,21200628,4.553876891600541
K,23,21200629,4.382026634673881
K,24,21200501,0.0
K,24,21200502,0.0
K,24,21200503,0.0
K,24,21200504,0.0
K,24,21200505,0.0
K,24,21200506,0.0
K,24,21200507,0.0
K,24,21200508,0.0
K,24,21200509,0.0
K,24,21200510,0.0
K,24,21200511,0.0
K,24,21200512,0.0
K,24,21200513,0.0
K,24,21200514,0.0
K,24,21200515,0.0
K,24,21200516,0.0
K,24,21200517,0.0
K,24,21200518,0.0
K,24,21200519,0.0
K,24,21200520,0.0
K,24,21200521,0.0
K,24,21200522,0.0
K,24,21200523,0.0
K,24,21200524,0.0
K,24,21200525,0.0
K,24,21200526,0.0
K,24,21200527,1.0986122886681098
K,24,21200528,0.0
K,24,21200529,1.0986122886681098
K,24,21200530,0.0
K,24,21200531,1.6094379124341003
K,24,21200601,2.1972245773362196
K,24,21200602,2.1972245773362196
K,24,21200603,2.6390573296152584
K,24,21200604,2.9444389791664403
K,24,21200605,2.3978952727983707
K,24,21200606,2.3978952727983707
K,24,21200607,3.4657359027997265
K,24,21200608,3.7612001156935624
K,24,21200609,3.7612001156935624
K,24,21200610,3.828641396489095
K,24,21200611,4.127134385045092
K,24,21200612,4.663439094112067
K,24,21200613,4.653960350157523
K,24,21200614,4.852030263919617
K,24,21200615,5.225746673713202
K,24,21200616,5.429345628954441
K,24,21200617,5.375278407684165
K,24,21200618,5.365976015021851
K,24,21200619,5.6937321388027
K,24,21200620,5.501258210544727
K,24,21200621,4.852030263919617
K,24,21200622,4.997212273764115
K,24,21200623,5.181783550292085
K,24,21200624,5.337538079701318
K,24,21200625,5.093750200806762
K,24,21200626,4.564348191467836
K,24,21200627,3.58351893845611
K,24,21200628,3.58351893845611
K,24,21200629,3.044522437723423
K,25,21200501,0.0
K,25,21200502,0.0
K,25,21200503,0.0
K,25,21200504,0.0
K,25,21200505,0.0
K,25,21200506,0.0
K,25,21200507,0.0
K,25,21200508,0.0
K,25,21200509,0.0
K,25,21200510,0.0
K,25,21200511,0.0
K,25,21200512,0.0
K,25,21200513,0.0
K,25,21200514,0.0
K,25,21200515,0.0
K,25,21200516,0.0
K,25,21200517,0.0
K,25,21200518,0.0
K,25,21200519,0.0
K,25,21200520,0.0
K,25,21200521,0.0
K,25,21200522,0.0
K,25,21200523,0.0
K,25,21200524,0.0
K,25,21200525,0.0
K,25,21200526,0.0
K,25,21200527,0.0
K,25,21200528,0.0
K,25,21200529,0.0
K,25,21200530,1.3862943611198906
K,25,21200531,0.0
K,25,21200601,1.0986122886681098
K,25,21200602,2.302585092994046
K,25,21200603,2.3978952727983707
K,25,21200604,1.9459101490553132
K,25,21200605,2.833213344056216
K,25,21200606,1.791759469228055
K,25,21200607,3.4657359027997265
K,25,21200608,3.871201010907891
K,25,21200609,3.258096538021482
K,25,21200610,4.110873864173311
K,25,21200611,4.219507705176107
K,25,21200612,4.3694478524670215
K,25,21200613,4.736198448394496
K,25,21200614,5.19295685089021
K,25,21200615,5.303304908059076
K,25,21200616,5.402677381872279
K,25,21200617,5.517452896464707
K,25,21200618,5.545177444479562
K,25,21200619,5.799092654460526
K,25,21200620,5.755742213586912
K,25,21200621,5.117993812416755
K,25,21200622,5.187385805840755
K,25,21200623,5.429345628954441
K,25,21200624,5.209486152841421
K,25,21200625,4.948759890378168
K,25,21200626,4.574710978503383
K,25,21200627,3.8501476017100584
K,25,21200628,3.6375861597263857
K,25,21200629,3.4657359027997265
K,26,21200501,0.0
K,26,21200502,0.0
K,26,21200503,0.0
K,26,21200504,0.0
K,26,21200505,0.0
K,26,21200506,0.0
K,26,21200507,0.0
K,26,21200508,0.0
K,26,21200509,0.0
K,26,21200510,0.0
K,26,21200511,0.0
K,26,21200512,0.0
K,26,21200513,0.0
K,26,21200514,0.0
K,26,21200515,0.0
K,26,21200516,0.0
K,26,21200517,0.0
K,26,21200518,0.0
K,26,21200519,0.0
K,26,21200520,0.0
K,26,21200521,0.0
K,26,21200522,0.0
K,26,21200523,0.0
K,26,21200524,0.0
K,26,21200525,0.0
K,26,21200526,0.0
K,26,21200527,0.0
K,26,21200528,0.0
K,26,21200529,1.3862943611198906
K,26,21200530,1.9459101490553132
K,26,21200531,0.0
K,26,21200601,2.0794415416798357
K,26,21200602,2.302585092994046
K,26,21200603,3.2188758248682006
K,26,21200604,3.5553480614894135
K,26,21200605,3.7376696182833684
K,26,21200606,3.9889840465642745
K,26,21200607,4.31748811353631
K,26,21200608,4.852030263919617
K,26,21200609,5.056245805348308
K,26,21200610,5.313205979041787
K,26,21200611,5.662960480135946
K,26,21200612,5.963579343618446
K,26,21200613,6.180016653652572
K,26,21200614,6.484635235635252
K,26,21200615,6.726233402358747
K,26,21200616,6.914730892718563
K,26,21200617,6.856461984594587
K,26,21200618,7.023758954738443
K,26,21200619,7.074963197966044
K,26,21200620,6.983789965258135
K,26,21200621,6.261491684321042
K,26,21200622,6.386879319362645
K,26,21200623,6.504288173536645
K,26,21200624,6.2422232654551655
K,26,21200625,6.061456918928017
K,26,21200626,5.84354441703136
K,26,21200627,5.075173815233827
K,26,21200628,4.442651256490317
K,26,21200629,4.406719247264253
K,27,21200501,0.0
K,27,21200502,0.0
K,27,21200503,0.0
K,27,21200504,0.0
K,27,21200505,0.0
K,27,21200506,0.0
K,27,21200507,0.0
K,27,21200508,0.0
K,27,21200509,0.0
K,27,21200510,0.0
K,27,21200511,0.0
K,27,21200512,0.0
K,27,21200513,0.0
K,27,21200514,0.0
K,27,21200515,0.0
K,27,21200516,0.0
K,27,21200517,0.0
K,27,21200518,0.0
K,27,21200519,0.0
K,27,21200520,0.0
K,27,21200521,0.0
K,27,21200522,0.0
K,27,21200523,0.0
K,27,21200524,0.0
K,27,21200525,0.0
K,27,21200526,0.0
K,27,21200527,0.0
K,27,21200528,1.6094379124341003
K,27,21200529,2.302585092994046
K,27,21200530,1.791759469228055
K,27,21200531,0.0
K,27,21200601,0.0
K,27,21200602,2.70805020110221
K,27,21200603,2.9444389791664403
K,27,21200604,2.772588722239781
K,27,21200605,3.332204510175204
K,27,21200606,4.174387269895637
K,27,21200607,4.02535169073515
K,27,21200608,4.3694478524670215
K,27,21200609,4.584967478670572
K,27,21200610,5.017279836814924
K,27,21200611,5.214935757608986
K,27,21200612,5.634789603169249
K,27,21200613,5.863631175598097
K,27,21200614,6.075346031088684
K,27,21200615,6.26530121273771
K,27,21200616,6.464588303689961
K,27,21200617,6.688354713946762
K,27,21200618,6.715383386334681
K,27,21200619,6.70196036600254
K,27,21200620,6.742880635791903
K,27,21200621,5.87493073085203
K,27,21200622,6.238324625039508
K,27,21200623,6.282266746896006
K,27,21200624,6.152732694704104
K,27,21200625,5.855071922202427
K,27,21200626,5.493061443340548
K,27,21200627,4.6443908991413725
K,27,21200628,4.248495242049359
K,27,21200629,4.127134385045092
K,28,21200501,0.0
K,28,21200502,0.0
K,28,21200503,0.0
K,28,21200504,0.0
K,28,21200505,0.0
K,28,21200506,0.0
K,28,21200507,0.0
K,28,21200508,0.0
K,28,21200509,0.0
K,28,21200510,0.0
K,28,21200511,0.0
K,28,21200512,0.0
K,28,21200513,0.0
K,28,21200514,0.0
K,28,21200515,0.0
K,28,21200516,0.0
K,28,21200517,0.0
K,28,21200518,0.0
K,28,21200519,0.0
K,28,21200520,0.0
K,28,21200521,0.0
K,28,21200522,0.0
K,28,21200523,0.0
K,28,21200524,0.0
K,28,21200525,0.0
K,28,21200526,0.0
K,28,21200527,0.0
K,28,21200528,0.0
K,28,21200529,0.0
K,28,21200530,0.0
K,28,21200531,0.0
K,28,21200601,0.0
K,28,21200602,0.0
K,28,21200603,0.6931471805599453
K,28,21200604,0.0
K,28,21200605,1.0986122886681098
K,28,21200606,1.6094379124341003
K,28,21200607,2.1972245773362196
K,28,21200608,2.1972245773362196
K,28,21200609,2.1972245773362196
K,28,21200610,3.332204510175204
K,28,21200611,3.7612001156935624
K,28,21200612,3.6375861597263857
K,28,21200613,3.784189633918261
K,28,21200614,4.499809670330265
K,28,21200615,4.663439094112067
K,28,21200616,4.804021044733257
K,28,21200617,4.836281906951478
K,28,21200618,4.948759890378168
K,28,21200619,5.0369526024136295
K,28,21200620,5.017279836814924
K,28,21200621,4.290459441148391
K,28,21200622,5.081404364984463
K,28,21200623,4.812184355372417
K,28,21200624,4.605170185988092
K,28,21200625,4.1588830833596715
K,28,21200626,3.6635616461296463
K,28,21200627,2.9444389791664403
K,28,21200628,3.044522437723423
K,28,21200629,3.044522437723423
K,29,21200501,0.0
K,29,21200502,0.0
K,29,21200503,0.0
K,29,21200504,0.0
K,29,21200505,0.0
K,29,21200506,0.0
K,29,21200507,0.0
K,29,21200508,0.0
K,29,21200509,0.0
K,29,21200510,0.0
K,29,21200511,0.0
K,29,21200512,0.0
K,29,21200513,0.0
K,29,21200514,0.0
K,29,21200515,0.0
K,29,21200516,0.0
K,29,21200517,0.0
K,29,21200518,0.0
K,29,21200519,0.0
K,29,21200520,0.0
K,29,21200521,0.0
K,29,21200522,0.0
K,29,21200523,0.0
K,29,21200524,0.0
K,29,21200525,0.0
K,29,21200526,0.0
K,29,21200527,0.0
K,29,21200528,0.0
K,29,21200529,0.0
K,29,21200530,0.0
K,29,21200531,1.0986122886681098
K,29,21200601,0.0
K,29,21200602,0.0
K,29,21200603,0.0
K,29,21200604,1.0986122886681098
K,29,21200605,1.0986122886681098
K,29,21200606,2.0794415416798357
K,29,21200607,1.0986122886681098
K,29,21200608,2.0794415416798357
K,29,21200609,2.1972245773362196
K,29,21200610,2.995732273553991
K,29,21200611,3.828641396489095
K,29,21200612,4.204692619390966
K,29,21200613,3.7612001156935624
K,29,21200614,4.48863636973214
K,29,21200615,4.59511985013459
K,29,21200616,4.718498871295094
K,29,21200617,5.017279836814924
K,29,21200618,4.927253685157205
K,29,21200619,5.220355825078324
K,29,21200620,5.220355825078324
K,29,21200621,4.290459441148391
K,29,21200622,4.976733742420574
K,29,21200623,4.997212273764115
K,29,21200624,4.836281906951478
K,29,21200625,4.624972813284271
K,29,21200626,4.394449154672439
K,29,21200627,3.58351893845611
K,29,21200628,3.1780538303479458
K,29,21200629,2.4849066497880004
K,30,21200501,0.0
K,30,21200502,0.0
K,30,21200503,0.0
K,30,21200504,0.0
K,30,21200505,0.0
K,30,21200506,0.0
K,30,21200507,0.0
K,30,21200508,0.0
K,30,21200509,0.0
K,30,21200510,0.0
K,30,21200511,0.0
K,30,21200512,0.0
K,30,21200513,0.0
K,30,21200514,0.0
K,30,21200515,0.0
K,30,21200516,0.0
K,30,21200517,0.0
K,30,21200518,0.0
K,30,21200519,0.0
K,30,21200520,0.0
K,30,21200521,0.0
K,30,21200522,0.0
K,30,21200523,0.0
K,30,21200524,0.0
K,30,21200525,0.0
K,30,21200526,0.0
K,30,21200527,0.0
K,30,21200528,0.0
K,30,21200529,0.0
K,30,21200530,1.6094379124341003
K,30,21200531,1.3862943611198906
K,30,21200601,2.833213344056216
K,30,21200602,2.9444389791664403
K,30,21200603,3.784189633918261
K,30,21200604,4.574710978503383
K,30,21200605,4.727387818712341
K,30,21200606,4.248495242049359
K,30,21200607,5.062595033026967
K,30,21200608,5.583496308781699
K,30,21200609,5.940171252720432
K,30,21200610,6.238324625039508
K,30,21200611,6.403574197934815
K,30,21200612,6.6895992691789665
K,30,21200613,6.947937068614969
K,30,21200614,7.186144304522325
K,30,21200615,7.349873704738337
K,30,21200616,7.466799475018602
K,30,21200617,7.468513271496337
K,30,21200618,7.394493107219038
K,30,21200619,7.201916317531627
K,30,21200620,7.114769448366463
K,30,21200621,6.338594078203183
K,30,21200622,6.628041376179533
K,30,21200623,6.745236349484363
K,30,21200624,6.3784261836515865
K,30,21200625,6.137727054086234
K,30,21200626,5.736572297479192
K,30,21200627,4.859812404361672
K,30,21200628,4.574710978503383
K,30,21200629,4.356708826689592
K,31,21200501,0.0
K,31,21200502,0.0
K,31,21200503,0.0
K,31,21200504,0.0
K,31,21200505,0.0
K,31,21200506,0.0
K,31,21200507,0.0
K,31,21200508,0.0
K,31,21200509,0.0
K,31,21200510,0.0
K,31,21200511,0.0
K,31,21200512,0.0
K,31,21200513,0.0
K,31,21200514,0.0
K,31,21200515,0.0
K,31,21200516,0.0
K,31,21200517,0.0
K,31,21200518,0.0
K,31,21200519,0.0
K,31,21200520,0.0
K,31,21200521,0.0
K,31,21200522,0.0
K,31,21200523,0.0
K,31,21200524,0.0
K,31,21200525,0.0
K,31,21200526,0.0
K,31,21200527,0.0
K,31,21200528,0.0
K,31,21200529,0.0
K,31,21200530,0.0
K,31,21200531,0.0
K,31,21200601,1.0986122886681098
K,31,21200602,0.0
K,31,21200603,2.0794415416798357
K,31,21200604,1.3862943611198906
K,31,21200605,1.791759469228055
K,31,21200606,2.1972245773362196
K,31,21200607,2.833213344056216
K,31,21200608,2.8903717578961645
K,31,21200609,3.091042453358316
K,31,21200610,2.995732273553991
K,31,21200611,3.1354942159291497
K,31,21200612,4.07753744390572
K,31,21200613,4.543294782270004
K,31,21200614,4.2626798770413155
K,31,21200615,4.672828834461906
K,31,21200616,5.056245805348308
K,31,21200617,5.1647859739235145
K,31,21200618,5.19295685089021
K,31,21200619,5.081404364984463
K,31,21200620,5.318119993844216
K,31,21200621,4.5217885770490405
K,31,21200622,4.6913478822291435
K,31,21200623,4.990432586778736
K,31,21200624,4.844187086458591
K,31,21200625,4.442651256490317
K,31,21200626,4.060443010546419
K,31,21200627,2.8903717578961645
K,31,21200628,2.772588722239781
K,31,21200629,2.833213344056216
K,32,21200501,0.0
K,32,21200502,0.0
K,32,21200503,0.0
K,32,21200504,0.0
K,32,21200505,0.0
K,32,21200506,0.0
K,32,21200507,0.0
K,32,21200508,0.0
K,32,21200509,0.0
K,32,21200510,0.0
K,32,21200511,0.0
K,32,21200512,0.0
K,32,21200513,0.0
K,32,21200514,0.0
K,32,21200515,0.0
K,32,21200516,0.0
K,32,21200517,0.0
K,32,21200518,0.0
K,32,21200519,0.0
K,32,21200520,0.0
K,32,21200521,0.0
K,32,21200522,0.0
K,32,21200523,0.0
K,32,21200524,0.0
K,32,21200525,0.0
K,32,21200526,0.0
K,32,21200527,0.0
K,32,21200528,0.0
K,32,21200529,0.0
K,32,21200530,0.0
K,32,21200531,0.0
K,32,21200601,0.0
K,32,21200602,0.0
K,32,21200603,0.0
K,32,21200604,0.0
K,32,21200605,1.0986122886681098
K,32,21200606,2.1972245773362196
K,32,21200607,2.4849066497880004
K,32,21200608,1.3862943611198906
K,32,21200609,2.772588722239781
K,32,21200610,3.258096538021482
K,32,21200611,3.58351893845611
K,32,21200612,3.912023005428146
K,32,21200613,3.6375861597263857
K,32,21200614,4.31748811353631
K,32,21200615,4.406719247264253
K,32,21200616,4.543294782270004
K,32,21200617,4.499809670330265
K,32,21200618,4.499809670330265
K,32,21200619,4.663439094112067
K,32,21200620,4.795790545596741
K,32,21200621,3.9318256327243257
K,32,21200622,3.7376696182833684
K,32,21200623,4.276666119016055
K,32,21200624,3.58351893845611
K,32,21200625,3.4339872044851463
K,32,21200626,3.258096538021482
K,32,21200627,2.70805020110221
K,32,21200628,2.5649493574615367
K,32,21200629,1.9459101490553132
K,33,21200501,0.0
K,33,21200502,0.0
K,33,21200503,0.0
K,33,21200504,0.0
K,33,21200505,0.0
K,33,21200506,0.0
K,33,21200507,0.0
K,33,21200508,0.0
K,33,21200509,0.0
K,33,21200510,0.0
K,33,21200511,0.0
K,33,21200512,0.0
K,33,21200513,0.0
K,33,21200514,0.0
K,33,21200515,0.0
K,33,21200516,0.0
K,33,21200517,0.0
K,33,21200518,0.0
K,33,21200519,0.0
K,33,21200520,0.0
K,33,21200521,0.0
K,33,21200522,0.0
K,33,21200523,0.0
K,33,21200524,0.0
K,33,21200525,0.0
K,33,21200526,2.302585092994046
K,33,21200527,1.6094379124341003
K,33,21200528,1.0986122886681098
K,33,21200529,2.833213344056216
K,33,21200530,3.6635616461296463
K,33,21200531,3.6375861597263857
K,33,21200601,4.174387269895637
K,33,21200602,4.624972813284271
K,33,21200603,5.313205979041787
K,33,21200604,5.66988092298052
K,33,21200605,6.013715156042802
K,33,21200606,5.942799375126701
K,33,21200607,6.238324625039508
K,33,21200608,6.626717749249025
K,33,21200609,6.887552571664617
K,33,21200610,7.204892510204673
K,33,21200611,7.330405211844402
K,33,21200612,7.556427969440253
K,33,21200613,7.757051142032013
K,33,21200614,7.899524472032198
K,33,21200615,8.027150106832774
K,33,21200616,8.113726085970747
K,33,21200617,8.034955024502159
K,33,21200618,7.923710333969238
K,33,21200619,7.860956364876389
K,33,21200620,7.651595573857601
K,33,21200621,6.92951677076365
K,33,21200622,7.216709486709457
K,33,21200623,7.0630481633881725
K,33,21200624,6.74993119378857
K,33,21200625,6.519147287940395
K,33,21200626,6.102558594613569
K,33,21200627,5.123963979403259
K,33,21200628,4.941642422609304
K,33,21200629,4.584967478670572
K,34,21200501,0.0
K,34,21200502,0.0
K,34,21200503,0.0
K,34,21200504,0.0
K,34,21200505,0.0
K,34,21200506,0.0
K,34,21200507,0.0
K,34,21200508,0.0
K,34,21200509,0.0
K,34,21200510,0.0
K,34,21200511,0.0
K,34,21200512,0.0
K,34,21200513,0.0
K,34,21200514,0.0
K,34,21200515,0.0
K,34,21200516,0.0
K,34,21200517,0.0
K,34,21200518,0.0
K,34,21200519,0.0
K,34,21200520,0.0
K,34,21200521,0.0
K,34,21200522,0.0
K,34,21200523,0.0
K,34,21200524,0.0
K,34,21200525,0.0
K,34,21200526,0.0
K,34,21200527,0.0
K,34,21200528,0.0
K,34,21200529,0.0
K,34,21200530,0.0
K,34,21200531,1.6094379124341003
K,34,21200601,2.0794415416798357
K,34,21200602,2.0794415416798357
K,34,21200603,3.1354942159291497
K,34,21200604,3.1354942159291497
K,34,21200605,3.6109179126442243
K,34,21200606,3.713572066704308
K,34,21200607,3.5263605246161616
K,34,21200608,4.127134385045092
K,34,21200609,4.653960350157523
K,34,21200610,5.056245805348308
K,34,21200611,5.231108616854587
K,34,21200612,5.680172609017068
K,34,21200613,5.6937321388027
K,34,21200614,6.030685260261263
K,34,21200615,6.1675164908883415
K,34,21200616,6.293419278846481
K,34,21200617,6.091309882077698
K,34,21200618,6.075346031088684
K,34,21200619,6.2285110035911835
K,34,21200620,6.054439346269371
K,34,21200621,5.147494476813453
K,34,21200622,5.442417710521793
K,34,21200623,5.407171771460119
K,34,21200624,5.267858159063328
K,34,21200625,4.852030263919617
K,34,21200626,4.31748811353631
K,34,21200627,3.332204510175204
K,34,21200628,2.6390573296152584
K,34,21200629,2.995732273553991
K,35,21200501,0.0
K,35,21200502,0.0
K,35,21200503,0.0
K,35,21200504,0.0
K,35,21200505,0.0
K,35,21200506,0.0
K,35,21200507,0.0
K,35,21200508,0.0
K,35,21200509,0.0
K,35,21200510,0.0
K,35,21200511,0.0
K,35,21200512,0.0
K,35,21200513,0.0
K,35,21200514,0.0
K,35,21200515,0.0
K,35,21200516,0.0
K,35,21200517,0.0
K,35,21200518,0.0
K,35,21200519,0.0
K,35,21200520,0.0
K,35,21200521,0.0
K,35,21200522,0.0
K,35,21200523,0.0
K,35,21200524,0.0
K,35,21200525,0.0
K,35,21200526,0.0
K,35,21200527,0.0
K,35,21200528,0.0
K,35,21200529,0.0
K,35,21200530,0.0
K,35,21200531,0.0
K,35,21200601,0.0
K,35,21200602,0.0
K,35,21200603,0.0
K,35,21200604,1.6094379124341003
K,35,21200605,1.791759469228055
K,35,21200606,2.5649493574615367
K,35,21200607,1.791759469228055
K,35,21200608,2.4849066497880004
K,35,21200609,1.9459101490553132
K,35,21200610,3.5553480614894135
K,35,21200611,3.258096538021482
K,35,21200612,3.6635616461296463
K,35,21200613,4.330733340286331
K,35,21200614,4.219507705176107
K,35,21200615,4.382026634673881
K,35,21200616,4.59511985013459
K,35,21200617,4.875197323201151
K,35,21200618,4.962844630259907
K,35,21200619,5.111987788356544
K,35,21200620,4.867534450455582
K,35,21200621,4.442651256490317
K,35,21200622,4.290459441148391
K,35,21200623,4.454347296253507
K,35,21200624,4.248495242049359
K,35,21200625,4.007333185232471
K,35,21200626,3.5553480614894135
K,35,21200627,3.2188758248682006
K,35,21200628,2.3978952727983707
K,35,21200629,2.70805020110221
K,36,21200501,0.0
K,36,21200502,0.0
K,36,21200503,0.0
K,36,21200504,0.0
K,36,21200505,0.0
K,36,21200506,0.0
K,36,21200507,0.0
K,36,21200508,0.0
K,36,21200509,0.0
K,36,21200510,0.0
K,36,21200511,0.0
K,36,21200512,0.0
K,36,21200513,0.0
K,36,21200514,0.0
K,36,21200515,0.0
K,36,21200516,0.0
K,36,21200517,0.0
K,36,21200518,0.0
K,36,21200519,0.0
K,36,21200520,0.0
K,36,21200521,0.0
K,36,21200522,0.0
K,36,21200523,0.0
K,36,21200524,0.0
K,36,21200525,0.0
K,36,21200526,0.0
K,36,21200527,1.0986122886681098
K,36,21200528,1.6094379124341003
K,36,21200529,0.6931471805599453
K,36,21200530,1.791759469228055
K,36,21200531,0.0
K,36,21200601,1.0986122886681098
K,36,21200602,2.3978952727983707
K,36,21200603,3.091042453358316
K,36,21200604,3.6109179126442243
K,36,21200605,2.833213344056216
K,36,21200606,3.6109179126442243
K,36,21200607,3.58351893845611
K,36,21200608,4.543294782270004
K,36,21200609,4.465908118654584
K,36,21200610,4.564348191467836
K,36,21200611,4.990432586778736
K,36,21200612,5.272999558563747
K,36,21200613,5.231108616854587
K,36,21200614,5.5254529391317835
K,36,21200615,5.950642552587727
K,36,21200616,6.212606095751519
K,36,21200617,6.212606095751519
K,36,21200618,6.040254711277414
K,36,21200619,6.212606095751519
K,36,21200620,6.124683390894205
K,36,21200621,5.2574953720277815
K,36,21200622,5.598421958998375
K,36,21200623,5.438079308923196
K,36,21200624,5.673323267171493
K,36,21200625,5.4638318050256105
K,36,21200626,5.099866427824199
K,36,21200627,3.7376696182833684
K,36,21200628,3.4657359027997265
K,36,21200629,3.713572066704308
K,37,21200501,0.0
K,37,21200502,0.0
K,37,21200503,0.0
K,37,21200504,0.0
K,37,21200505,0.0
K,37,21200506,0.0
K,37,21200507,0.0
K,37,21200508,0.0
K,37,21200509,0.0
K,37,21200510,0.0
K,37,21200511,0.0
K,37,21200512,0.0
K,37,21200513,0.0
K,37,21200514,0.0
K,37,21200515,0.0
K,37,21200516,0.0
K,37,21200517,0.0
K,37,21200518,0.0
K,37,21200519,0.0
K,37,21200520,0.0
K,37,21200521,0.0
K,37,21200522,0.0
K,37,21200523,0.0
K,37,21200524,0.0
K,37,21200525,0.0
K,37,21200526,0.0
K,37,21200527,0.0
K,37,21200528,0.0
K,37,21200529,0.0
K,37,21200530,0.0
K,37,21200531,0.0
K,37,21200601,0.0
K,37,21200602,0.0
K,37,21200603,0.6931471805599453
K,37,21200604,1.0986122886681098
K,37,21200605,1.3862943611198906
K,37,21200606,1.791759469228055
K,37,21200607,1.791759469228055
K,37,21200608,1.3862943611198906
K,37,21200609,3.332204510175204
K,37,21200610,3.58351893845611
K,37,21200611,3.784189633918261
K,37,21200612,4.430816798843313
K,37,21200613,4.564348191467836
K,37,21200614,4.997212273764115
K,37,21200615,5.3612921657094255
K,37,21200616,5.6131281063880705
K,37,21200617,5.541263545158426
K,37,21200618,5.075173815233827
K,37,21200619,5.159055299214529
K,37,21200620,5.043425116919247
K,37,21200621,4.248495242049359
K,37,21200622,4.736198448394496
K,37,21200623,4.574710978503383
K,37,21200624,4.248495242049359
K,37,21200625,4.110873864173311
K,37,21200626,3.970291913552122
K,37,21200627,3.367295829986474
K,37,21200628,3.1780538303479458
K,37,21200629,2.8903717578961645
K,38,21200501,0.0
K,38,21200502,0.0
K,38,21200503,0.0
K,38,21200504,0.0
K,38,21200505,0.0
K,38,21200506,0.0
K,38,21200507,0.0
K,38,21200508,0.0
K,38,21200509,0.0
K,38,21200510,0.0
K,38,21200511,0.0
K,38,21200512,0.0
K,38,21200513,0.0
K,38,21200514,0.0
K,38,21200515,0.0
K,38,21200516,0.0
K,38,21200517,0.0
K,38,21200518,0.0
K,38,21200519,0.0
K,38,21200520,0.0
K,38,21200521,0.0
K,38,21200522,0.0
K,38,21200523,0.0
K,38,21200524,0.0
K,38,21200525,0.0
K,38,21200526,0.0
K,38,21200527,0.0
K,38,21200528,0.0
K,38,21200529,0.0
K,38,21200530,0.0
K,38,21200531,0.6931471805599453
K,38,21200601,0.0
K,38,21200602,0.0
K,38,21200603,1.9459101490553132
K,38,21200604,2.5649493574615367
K,38,21200605,3.295836866004329
K,38,21200606,3.367295829986474
K,38,21200607,3.6888794541139363
K,38,21200608,4.343805421853684
K,38,21200609,5.017279836814924
K,38,21200610,5.25227342804663
K,38,21200611,5.365976015021851
K,38,21200612,5.720311776607412
K,38,21200613,6.150602768446279
K,38,21200614,6.104793232414985
K,38,21200615,6.156978985585555
K,38,21200616,6.212606095751519
K,38,21200617,6.135564891081739
K,38,21200618,5.886104031450156
K,38,21200619,5.996452088619021
K,38,21200620,5.733341276897746
K,38,21200621,5.1298987149230735
K,38,21200622,5.231108616854587
K,38,21200623,5.135798437050262
K,38,21200624,4.770684624465665
K,38,21200625,4.499809670330265
K,38,21200626,4.110873864173311
K,38,21200627,3.2188758248682006
K,38,21200628,2.8903717578961645
K,38,21200629,3.1780538303479458
K,39,21200501,0.0
K,39,21200502,0.0
K,39,21200503,0.0
K,39,21200504,0.0
K,39,21200505,0.0
K,39,21200506,0.0
K,39,21200507,0.0
K,39,21200508,0.0
K,39,21200509,0.0
K,39,21200510,0.0
K,39,21200511,0.0
K,39,21200512,0.0
K,39,21200513,0.0
K,39,21200514,0.0
K,39,21200515,0.0
K,39,21200516,0.0
K,39,21200517,0.0
K,39,21200518,0.0
K,39,21200519,0.0
K,39,21200520,0.0
K,39,21200521,0.0
K,39,21200522,0.0
K,39,21200523,0.0
K,39,21200524,0.0
K,39,21200525,0.0
K,39,21200526,0.0
K,39,21200527,0.0
K,39,21200528,0.0
K,39,21200529,0.0
K,39,21200530,1.6094379124341003
K,39,21200531,1.791759469228055
K,39,21200601,2.70805020110221
K,39,21200602,3.295836866004329
K,39,21200603,2.8903717578961645
K,39,21200604,3.7376696182833684
K,39,21200605,4.5217885770490405
K,39,21200606,4.727387818712341
K,39,21200607,4.867534450455582
K,39,21200608,5.308267697401205
K,39,21200609,5.556828061699537
K,39,21200610,5.8522024797744745
K,39,21200611,6.142037405587356
K,39,21200612,6.618738983517219
K,39,21200613,6.651571873589727
K,39,21200614,6.92951677076365
K,39,21200615,7.1592919047975645
K,39,21200616,7.3098814858247865
K,39,21200617,7.20934025660291
K,39,21200618,7.234177179749849
K,39,21200619,7.215975002651466
K,39,21200620,7.081708586105575
K,39,21200621,6.432940092739179
K,39,21200622,6.658011045870748
K,39,21200623,6.647688373563329
K,39,21200624,6.375024819828097
K,39,21200625,6.142037405587356
K,39,21200626,5.777652323222656
K,39,21200627,4.804021044733257
K,39,21200628,4.48863636973214
K,39,21200629,4.23410650459726
K,40,21200501,0.0
K,40,21200502,0.0
K,40,21200503,0.0
K,40,21200504,0.0
K,40,21200505,0.0
K,40,21200506,0.0
K,40,21200507,0.0
K,40,21200508,0.0
K,40,21200509,0.0
K,40,21200510,0.0
K,40,21200511,0.0
K,40,21200512,0.0
K,40,21200513,0.0
K,40,21200514,0.0
K,40,21200515,0.0
K,40,21200516,0.0
K,40,21200517,0.0
K,40,21200518,0.0
K,40,21200519,0.0
K,40,21200520,0.0
K,40,21200521,0.0
K,40,21200522,0.0
K,40,21200523,0.0
K,40,21200524,0.0
K,40,21200525,0.0
K,40,21200526,0.0
K,40,21200527,0.0
K,40,21200528,1.0986122886681098
K,40,21200529,0.6931471805599453
K,40,21200530,3.1354942159291497
K,40,21200531,3.8066624897703196
K,40,21200601,3.8501476017100584
K,40,21200602,4.465908118654584
K,40,21200603,4.189654742026425
K,40,21200604,5.389071729816501
K,40,21200605,4.90527477843843
K,40,21200606,5.062595033026967
K,40,21200607,5.0238805208462765
K,40,21200608,5.673323267171493
K,40,21200609,6.030685260261263
K,40,21200610,6.210600077024653
K,40,21200611,6.180016653652572
K,40,21200612,6.70808408385307
K,40,21200613,6.86484777797086
K,40,21200614,7.149131598557407
K,40,21200615,7.264730177929867
K,40,21200616,7.354362330421477
K,40,21200617,7.462214939768189
K,40,21200618,7.551186867296149
K,40,21200619,7.501634457883413
K,40,21200620,7.428333194190806
K,40,21200621,6.668228248417403
K,40,21200622,6.919683849847411
K,40,21200623,6.930494765951626
K,40,21200624,6.7661917146603505
K,40,21200625,6.363028103540465
K,40,21200626,5.942799375126701
K,40,21200627,5.214935757608986
K,40,21200628,4.8283137373023015
K,40,21200629,4.68213122712422
K,41,21200501,0.0
K,41,21200502,0.0
K,41,21200503,0.0
K,41,21200504,0.0
K,41,21200505,0.0
K,41,21200506,0.0
K,41,21200507,0.0
K,41,21200508,0.0
K,41,21200509,0.0
K,41,21200510,0.0
K,41,21200511,0.0
K,41,21200512,0.0
K,41,21200513,0.0
K,41,21200514,0.0
K,41,21200515,0.0
K,41,21200516,0.0
K,41,21200517,0.0
K,41,21200518,0.0
K,41,21200519,0.0
K,41,21200520,0.0
K,41,21200521,0.0
K,41,21200522,0.0
K,41,21200523,0.0
K,41,21200524,0.0
K,41,21200525,0.0
K,41,21200526,0.0
K,41,21200527,0.0
K,41,21200528,0.0
K,41,21200529,0.0
K,41,21200530,0.0
K,41,21200531,0.0
K,41,21200601,0.0
K,41,21200602,1.0986122886681098
K,41,21200603,0.0
K,41,21200604,1.6094379124341003
K,41,21200605,2.0794415416798357
K,41,21200606,2.6390573296152584
K,41,21200607,2.302585092994046
K,41,21200608,3.044522437723423
K,41,21200609,2.772588722239781
K,41,21200610,3.6375861597263857
K,41,21200611,3.5263605246161616
K,41,21200612,4.127134385045092
K,41,21200613,4.584967478670572
K,41,21200614,4.653960350157523
K,41,21200615,4.787491742782046
K,41,21200616,4.897839799950911
K,41,21200617,4.812184355372417
K,41,21200618,4.948759890378168
K,41,21200619,4.844187086458591
K,41,21200620,4.663439094112067
K,41,21200621,4.356708826689592
K,41,21200622,4.418840607796598
K,41,21200623,4.61512051684126
K,41,21200624,4.499809670330265
K,41,21200625,4.189654742026425
K,41,21200626,3.5553480614894135
K,41,21200627,2.833213344056216
K,41,21200628,2.302585092994046
K,41,21200629,2.302585092994046
K,42,21200501,0.0
K,42,21200502,0.0
K,42,21200503,0.0
K,42,21200504,0.0
K,42,21200505,0.0
K,42,21200506,0.0
K,42,21200507,0.0
K,42,21200508,0.0
K,42,21200509,0.0
K,42,21200510,0.0
K,42,21200511,0.0
K,42,21200512,0.0
K,42,21200513,0.0
K,42,21200514,0.0
K,42,21200515,0.0
K,42,21200516,0.0
K,42,21200517,0.0
K,42,21200518,0.0
K,42,21200519,0.0
K,42,21200520,0.0
K,42,21200521,0.0
K,42,21200522,0.0
K,42,21200523,0.0
K,42,21200524,0.0
K,42,21200525,0.0
K,42,21200526,0.6931471805599453
K,42,21200527,0.6931471805599453
K,42,21200528,0.0
K,42,21200529,0.0
K,42,21200530,0.0
K,42,21200531,2.3978952727983707
K,42,21200601,2.6390573296152584
K,42,21200602,2.3978952727983707
K,42,21200603,1.791759469228055
K,42,21200604,2.5649493574615367
K,42,21200605,3.1354942159291497
K,42,21200606,2.0794415416798357
K,42,21200607,2.70805020110221
K,42,21200608,2.0794415416798357
K,42,21200609,3.1354942159291497
K,42,21200610,3.1780538303479458
K,42,21200611,3.295836866004329
K,42,21200612,3.828641396489095
K,42,21200613,4.060443010546419
K,42,21200614,4.30406509320417
K,42,21200615,4.204692619390966
K,42,21200616,4.110873864173311
K,42,21200617,4.553876891600541
K,42,21200618,4.465908118654584
K,42,21200619,4.51085950651685
K,42,21200620,4.3694478524670215
K,42,21200621,3.5553480614894135
K,42,21200622,3.9318256327243257
K,42,21200623,4.127134385045092
K,42,21200624,3.5263605246161616
K,42,21200625,3.295836866004329
K,42,21200626,2.8903717578961645
K,42,21200627,1.9459101490553132
K,42,21200628,1.3862943611198906
K,42,21200629,2.4849066497880004
K,43,21200501,0.0
K,43,21200502,0.0
K,43,21200503,0.0
K,43,21200504,0.0
K,43,21200505,0.0
K,43,21200506,0.0
K,43,21200507,0.0
K,43,21200508,0.0
K,43,21200509,0.0
K,43,21200510,0.0
K,43,21200511,0.0
K,43,21200512,0.0
K,43,21200513,0.0
K,43,21200514,0.0
K,43,21200515,0.0
K,43,21200516,0.0
K,43,21200517,0.0
K,43,21200518,0.0
K,43,21200519,0.0
K,43,21200520,0.0
K,43,21200521,0.0
K,43,21200522,0.0
K,43,21200523,0.0
K,43,21200524,0.0
K,43,21200525,0.0
K,43,21200526,0.0
K,43,21200527,0.0
K,43,21200528,0.0
K,43,21200529,0.0
K,43,21200530,0.0
K,43,21200531,1.0986122886681098
K,43,21200601,0.6931471805599453
K,43,21200602,2.302585092994046
K,43,21200603,1.6094379124341003
K,43,21200604,1.6094379124341003
K,43,21200605,2.6390573296152584
K,43,21200606,3.4011973816621555
K,43,21200607,3.1354942159291497
K,43,21200608,3.58351893845611
K,43,21200609,3.713572066704308
K,43,21200610,4.499809670330265
K,43,21200611,4.663439094112067
K,43,21200612,4.787491742782046
K,43,21200613,5.087596335232384
K,43,21200614,5.4116460518550396
K,43,21200615,5.560681631015528
K,43,21200616,5.717027701406222
K,43,21200617,5.886104031450156
K,43,21200618,5.988961416889864
K,43,21200619,6.042632833682381
K,43,21200620,5.953243334287785
K,43,21200621,5.135798437050262
K,43,21200622,5.575949103146316
K,43,21200623,5.60947179518496
K,43,21200624,5.4116460518550396
K,43,21200625,5.147494476813453
K,43,21200626,4.912654885736052
K,43,21200627,4.2626798770413155
K,43,21200628,3.4657359027997265
K,43,21200629,3.4339872044851463
K,44,21200501,0.0
K,44,21200502,0.0
K,44,21200503,0.0
K,44,21200504,0.0
K,44,21200505,0.0
K,44,21200506,0.0
K,44,21200507,0.0
K,44,21200508,0.0
K,44,21200509,0.0
K,44,21200510,0.0
K,44,21200511,0.0
K,44,21200512,0.0
K,44,21200513,0.0
K,44,21200514,0.0
K,44,21200515,0.0
K,44,21200516,0.0
K,44,21200517,0.0
K,44,21200518,0.0
K,44,21200519,0.0
K,44,21200520,0.0
K,44,21200521,0.0
K,44,21200522,0.0
K,44,21200523,0.0
K,44,21200524,0.0
K,44,21200525,0.0
K,44,21200526,0.0
K,44,21200527,0.0
K,44,21200528,0.0
K,44,21200529,0.0
K,44,21200530,0.0
K,44,21200531,2.0794415416798357
K,44,21200601,2.0794415416798357
K,44,21200602,2.0794415416798357
K,44,21200603,2.5649493574615367
K,44,21200604,2.3978952727983707
K,44,21200605,3.2188758248682006
K,44,21200606,2.9444389791664403
K,44,21200607,2.5649493574615367
K,44,21200608,2.833213344056216
K,44,21200609,3.6635616461296463
K,44,21200610,3.871201010907891
K,44,21200611,3.871201010907891
K,44,21200612,4.060443010546419
K,44,21200613,4.430816798843313
K,44,21200614,4.736198448394496
K,44,21200615,4.812184355372417
K,44,21200616,4.890349128221754
K,44,21200617,4.663439094112067
K,44,21200618,4.787491742782046
K,44,21200619,4.962844630259907
K,44,21200620,4.852030263919617
K,44,21200621,4.007333185232471
K,44,21200622,4.290459441148391
K,44,21200623,4.394449154672439
K,44,21200624,4.290459441148391
K,44,21200625,3.871201010907891
K,44,21200626,3.4339872044851463
K,44,21200627,2.4849066497880004
K,44,21200628,2.5649493574615367
K,44,21200629,1.0986122886681098
K,45,21200501,0.0
K,45,21200502,0.0
K,45,21200503,0.0
K,45,21200504,0.0
K,45,21200505,0.0
K,45,21200506,0.0
K,45,21200507,0.0
K,45,21200508,0.0
K,45,21200509,0.0
K,45,21200510,0.0
K,45,21200511,0.0
K,45,21200512,0.0
K,45,21200513,0.0
K,45,21200514,0.0
K,45,21200515,0.0
K,45,21200516,0.0
K,45,21200517,0.0
K,45,21200518,0.0
K,45,21200519,0.0
K,45,21200520,0.0
K,45,21200521,0.0
K,45,21200522,0.0
K,45,21200523,0.0
K,45,21200524,0.0
K,45,21200525,0.0
K,45,21200526,0.0
K,45,21200527,0.0
K,45,21200528,0.0
K,45,21200529,0.0
K,45,21200530,0.0
K,45,21200531,0.0
K,45,21200601,0.0
K,45,21200602,0.6931471805599453
K,45,21200603,0.0
K,45,21200604,1.3862943611198906
K,45,21200605,0.0
K,45,21200606,0.6931471805599453
K,45,21200607,2.4849066497880004
K,45,21200608,2.3978952727983707
K,45,21200609,2.0794415416798357
K,45,21200610,2.5649493574615367
K,45,21200611,2.772588722239781
K,45,21200612,3.1780538303479458
K,45,21200613,3.6635616461296463
K,45,21200614,3.5263605246161616
K,45,21200615,3.9512437185814275
K,45,21200616,4.31748811353631
K,45,21200617,4.574710978503383
K,45,21200618,4.875197323201151
K,45,21200619,5.062595033026967
K,45,21200620,4.787491742782046
K,45,21200621,3.9318256327243257
K,45,21200622,4.653960350157523
K,45,21200623,4.68213122712422
K,45,21200624,4.543294782270004
K,45,21200625,4.23410650459726
K,45,21200626,3.871201010907891
K,45,21200627,2.6390573296152584
K,45,21200628,2.5649493574615367
K,45,21200629,2.6390573296152584
K,46,21200501,0.0
K,46,21200502,0.0
K,46,21200503,0.0
K,46,21200504,0.0
K,46,21200505,0.0
K,46,21200506,0.0
K,46,21200507,0.0
K,46,21200508,0.0
K,46,21200509,0.0
K,46,21200510,0.0
K,46,21200511,0.0
K,46,21200512,0.0
K,46,21200513,0.0
K,46,21200514,0.0
K,46,21200515,0.0
K,46,21200516,0.0
K,46,21200517,0.0
K,46,21200518,0.0
K,46,21200519,0.0
K,46,21200520,0.0
K,46,21200521,0.0
K,46,21200522,0.0
K,46,21200523,0.0
K,46,21200524,0.0
K,46,21200525,0.0
K,46,21200526,0.0
K,46,21200527,0.0
K,46,21200528,0.0
K,46,21200529,0.6931471805599453
K,46,21200530,1.3862943611198906
K,46,21200531,2.0794415416798357
K,46,21200601,1.6094379124341003
K,46,21200602,2.772588722239781
K,46,21200603,3.4339872044851463
K,46,21200604,4.110873864173311
K,46,21200605,4.04305126783455
K,46,21200606,3.4339872044851463
K,46,21200607,4.219507705176107
K,46,21200608,4.844187086458591
K,46,21200609,5.241747015059643
K,46,21200610,5.318119993844216
K,46,21200611,5.53338948872752
K,46,21200612,5.8377304471659395
K,46,21200613,6.173786103901937
K,46,21200614,6.523562306149512
K,46,21200615,6.637258031284457
K,46,21200616,6.777646593635117
K,46,21200617,6.884486652042782
K,46,21200618,6.856461984594587
K,46,21200619,6.932447891572509
K,46,21200620,6.778784897685177
K,46,21200621,6.1463292576688975
K,46,21200622,6.2766434893416445
K,46,21200623,6.198478716492308
K,46,21200624,6.133398042996649
K,46,21200625,5.823045895483019
K,46,21200626,5.459585514144159
K,46,21200627,4.672828834461906
K,46,21200628,4.343805421853684
K,46,21200629,4.110873864173311
K,47,21200501,0.0
K,47,21200502,0.0
K,47,21200503,0.0
K,47,21200504,0.0
K,47,21200505,0.0
K,47,21200506,0.0
K,47,21200507,0.0
K,47,21200508,0.0
K,47,21200509,0.0
K,47,21200510,0.0
K,47,21200511,0.0
K,47,21200512,0.0
K,47,21200513,0.0
K,47,21200514,0.0
K,47,21200515,0.0
K,47,21200516,0.0
K,47,21200517,0.0
K,47,21200518,0.0
K,47,21200519,0.0
K,47,21200520,0.0
K,47,21200521,0.0
K,47,21200522,0.0
K,47,21200523,0.0
K,47,21200524,0.0
K,47,21200525,0.0
K,47,21200526,0.0
K,47,21200527,0.0
K,47,21200528,0.0
K,47,21200529,0.6931471805599453
K,47,21200530,1.3862943611198906
K,47,21200531,0.0
K,47,21200601,1.6094379124341003
K,47,21200602,0.6931471805599453
K,47,21200603,1.6094379124341003
K,47,21200604,1.3862943611198906
K,47,21200605,2.1972245773362196
K,47,21200606,2.6390573296152584
K,47,21200607,3.044522437723423
K,47,21200608,3.58351893845611
K,47,21200609,3.5553480614894135
K,47,21200610,3.8501476017100584
K,47,21200611,4.02535169073515
K,47,21200612,4.6443908991413725
K,47,21200613,4.7535901911063645
K,47,21200614,5.111987788356544
K,47,21200615,5.236441962829949
K,47,21200616,5.3706380281276624
K,47,21200617,5.484796933490655
K,47,21200618,5.4510384535657
K,47,21200619,5.707110264748875
K,47,21200620,5.680172609017068
K,47,21200621,4.941642422609304
K,47,21200622,5.272999558563747
K,47,21200623,5.2832037287379885
K,47,21200624,5.293304824724492
K,47,21200625,4.90527477843843
K,47,21200626,4.330733340286331
K,47,21200627,3.9512437185814275
K,47,21200628,3.4657359027997265
K,47,21200629,3.4339872044851463
