H,0,21200501,0.0
H,0,21200502,0.0
H,0,21200503,0.0
H,0,21200504,0.0
H,0,21200505,0.0
H,0,21200506,0.0
H,0,21200507,0.0
H,0,21200508,0.0
H,0,21200509,0.0
H,0,21200510,0.0
H,0,21200511,0.0
H,0,21200512,0.0
H,0,21200513,0.0
H,0,21200514,0.0
H,0,21200515,0.0
H,0,21200516,0.0
H,0,21200517,0.0
H,0,21200518,0.0
H,0,21200519,0.0
H,0,21200520,0.0
H,0,21200521,0.0
H,0,21200522,0.0
H,0,21200523,0.0
H,0,21200524,0.0
H,0,21200525,0.0
H,0,21200526,1.0986122886681098
H,0,21200527,1.0986122886681098
H,0,21200528,0.0
H,0,21200529,0.0
H,0,21200530,0.6931471805599453
H,0,21200531,0.0
H,0,21200601,2.772588722239781
H,0,21200602,2.1972245773362196
H,0,21200603,2.5649493574615367
H,0,21200604,3.044522437723423
H,0,21200605,3.258096538021482
H,0,21200606,2.6390573296152584
H,0,21200607,2.1972245773362196
H,0,21200608,2.6390573296152584
H,0,21200609,2.772588722239781
H,0,21200610,3.1354942159291497
H,0,21200611,1.3862943611198906
H,0,21200612,2.302585092994046
H,0,21200613,2.302585092994046
H,0,21200614,3.1780538303479458
H,0,21200615,2.9444389791664403
H,0,21200616,2.5649493574615367
H,0,21200617,2.9444389791664403
H,0,21200618,3.091042453358316
H,0,21200619,3.1354942159291497
H,0,21200620,3.4011973816621555
H,0,21200621,3.1354942159291497
H,0,21200622,2.9444389791664403
H,0,21200623,3.1780538303479458
H,0,21200624,3.58351893845611
H,0,21200625,3.367295829986474
H,0,21200626,3.1354942159291497
H,0,21200627,3.258096538021482
H,0,21200628,3.091042453358316
H,0,21200629,3.4339872044851463
H,1,21200501,0.0
H,1,21200502,0.0
H,1,21200503,0.0
H,1,21200504,0.0
H,1,21200505,0.0
H,1,21200506,0.0
H,1,21200507,0.0
H,1,21200508,0.0
H,1,21200509,0.0
H,1,21200510,0.0
H,1,21200511,0.0
H,1,21200512,0.0
H,1,21200513,0.0
H,1,21200514,0.0
H,1,21200515,0.0
H,1,21200516,0.0
H,1,21200517,0.0
H,1,21200518,0.0
H,1,21200519,0.0
H,1,21200520,0.0
H,1,21200521,0.6931471805599453
H,1,21200522,1.6094379124341003
H,1,21200523,0.0
H,1,21200524,1.791759469228055
H,1,21200525,0.0
H,1,21200526,0.6931471805599453
H,1,21200527,1.9459101490553132
H,1,21200528,1.791759469228055
H,1,21200529,1.0986122886681098
H,1,21200530,2.4849066497880004
H,1,21200531,2.3978952727983707
H,1,21200601,3.332204510175204
H,1,21200602,2.833213344056216
H,1,21200603,3.091042453358316
H,1,21200604,3.912023005428146
H,1,21200605,4.0943445622221
H,1,21200606,4.219507705176107
H,1,21200607,4.060443010546419
H,1,21200608,4.007333185232471
H,1,21200609,3.6375861597263857
H,1,21200610,4.127134385045092
H,1,21200611,4.6913478822291435
H,1,21200612,4.007333185232471
H,1,21200613,4.31748811353631
H,1,21200614,4.553876891600541
H,1,21200615,4.709530201312334
H,1,21200616,4.867534450455582
H,1,21200617,4.836281906951478
H,1,21200618,4.948759890378168
H,1,21200619,4.5217885770490405
H,1,21200620,4.30406509320417
H,1,21200621,4.727387818712341
H,1,21200622,4.653960350157523
H,1,21200623,4.454347296253507
H,1,21200624,4.897839799950911
H,1,21200625,4.663439094112067
H,1,21200626,4.3694478524670215
H,1,21200627,4.189654742026425
H,1,21200628,4.07753744390572
H,1,21200629,4.07753744390572
H,2,21200501,0.0
H,2,21200502,0.0
H,2,21200503,0.0
H,2,21200504,0.0
H,2,21200505,0.0
H,2,21200506,0.0
H,2,21200507,0.0
H,2,21200508,0.0
H,2,21200509,0.0
H,2,21200510,0.0
H,2,21200511,0.0
H,2,21200512,0.0
H,2,21200513,0.0
H,2,21200514,0.0
H,2,21200515,0.0
H,2,21200516,0.0
H,2,21200517,0.0
H,2,21200518,0.0
H,2,21200519,0.0
H,2,21200520,0.0
H,2,21200521,0.0
H,2,21200522,0.0
H,2,21200523,0.0
H,2,21200524,0.0
H,2,21200525,0.0
H,2,21200526,0.0
H,2,21200527,0.0
H,2,21200528,0.0
H,2,21200529,1.0986122886681098
H,2,21200530,1.3862943611198906
H,2,21200531,0.0
H,2,21200601,1.9459101490553132
H,2,21200602,2.772588722239781
H,2,21200603,2.9444389791664403
H,2,21200604,3.4339872044851463
H,2,21200605,2.772588722239781
H,2,21200606,2.302585092994046
H,2,21200607,3.6635616461296463
H,2,21200608,2.9444389791664403
H,2,21200609,2.6390573296152584
H,2,21200610,3.1780538303479458
H,2,21200611,3.4657359027997265
H,2,21200612,3.367295829986474
H,2,21200613,4.007333185232471
H,2,21200614,3.8501476017100584
H,2,21200615,3.784189633918261
H,2,21200616,3.7376696182833684
H,2,21200617,4.04305126783455
H,2,21200618,3.8066624897703196
H,2,21200619,4.110873864173311
H,2,21200620,3.4657359027997265
H,2,21200621,4.007333185232471
H,2,21200622,3.7376696182833684
H,2,21200623,3.8918202981106265
H,2,21200624,3.8501476017100584
H,2,21200625,3.828641396489095
H,2,21200626,3.8066624897703196
H,2,21200627,3.6109179126442243
H,2,21200628,3.6375861597263857
H,2,21200629,3.6888794541139363
H,3,21200501,0.0
H,3,21200502,0.0
H,3,21200503,0.0
H,3,21200504,0.0
H,3,21200505,0.0
H,3,21200506,0.0
H,3,21200507,0.0
H,3,21200508,0.0
H,3,21200509,0.0
H,3,21200510,0.0
H,3,21200511,0.0
H,3,21200512,0.0
H,3,21200513,0.0
H,3,21200514,0.0
H,3,21200515,0.0
H,3,21200516,0.0
H,3,21200517,0.0
H,3,21200518,0.0
H,3,21200519,0.0
H,3,21200520,0.0
H,3,21200521,0.0
H,3,21200522,0.0
H,3,21200523,0.0
H,3,21200524,0.0
H,3,21200525,0.0
H,3,21200526,0.0
H,3,21200527,0.0
H,3,21200528,0.0
H,3,21200529,0.0
H,3,21200530,0.6931471805599453
H,3,21200531,0.0
H,3,21200601,1.0986122886681098
H,3,21200602,1.3862943611198906
H,3,21200603,2.833213344056216
H,3,21200604,3.6375861597263857
H,3,21200605,3.713572066704308
H,3,21200606,3.6109179126442243
H,3,21200607,3.044522437723423
H,3,21200608,3.258096538021482
H,3,21200609,3.258096538021482
H,3,21200610,3.970291913552122
H,3,21200611,2.995732273553991
H,3,21200612,3.7376696182833684
H,3,21200613,3.6888794541139363
H,3,21200614,4.3694478524670215
H,3,21200615,4.330733340286331
H,3,21200616,4.30406509320417
H,3,21200617,4.465908118654584
H,3,21200618,4.219507705176107
H,3,21200619,4.290459441148391
H,3,21200620,4.04305126783455
H,3,21200621,4.23410650459726
H,3,21200622,4.430816798843313
H,3,21200623,4.394449154672439
H,3,21200624,4.465908118654584
H,3,21200625,4.406719247264253
H,3,21200626,4.343805421853684
H,3,21200627,4.330733340286331
H,3,21200628,4.060443010546419
H,3,21200629,4.0943445622221
H,4,21200501,0.0
H,4,21200502,0.0
H,4,21200503,0.0
H,4,21200504,0.0
H,4,21200505,0.0
H,4,21200506,0.0
H,4,21200507,0.0
H,4,21200508,0.0
H,4,21200509,0.0
H,4,21200510,0.0
H,4,21200511,1.0986122886681098
H,4,21200512,0.0
H,4,21200513,0.0
H,4,21200514,1.9459101490553132
H,4,21200515,0.6931471805599453
H,4,21200516,0.0
H,4,21200517,0.0
H,4,21200518,2.833213344056216
H,4,21200519,3.091042453358316
H,4,21200520,3.332204510175204
H,4,21200521,2.6390573296152584
H,4,21200522,4.290459441148391
H,4,21200523,4.330733340286331
H,4,21200524,4.23410650459726
H,4,21200525,5.153291594497779
H,4,21200526,5.556828061699537
H,4,21200527,6.1224928095143865
H,4,21200528,6.439350371100098
H,4,21200529,6.551080335043404
H,4,21200530,6.331501849893691
H,4,21200531,6.570882962339584
H,4,21200601,7.2875606403097235
H,4,21200602,7.259116128097101
H,4,21200603,7.062191632286556
H,4,21200604,6.784457062637643
H,4,21200605,6.257667587882639
H,4,21200606,5.8522024797744745
H,4,21200607,6.0473721790462776
H,4,21200608,6.366470447731438
H,4,21200609,6.320768294250582
H,4,21200610,6.2324480165505225
H,4,21200611,6.073044534100405
H,4,21200612,6.025865973825314
H,4,21200613,6.0063531596017325
H,4,21200614,5.921578419643816
H,4,21200615,5.869296913133774
H,4,21200616,5.802118375377063
H,4,21200617,5.762051382780177
H,4,21200618,5.8289456176102075
H,4,21200619,5.529429087511423
H,4,21200620,5.4510384535657
H,4,21200621,5.267858159063328
H,4,21200622,5.3706380281276624
H,4,21200623,5.4510384535657
H,4,21200624,5.752572638825633
H,4,21200625,5.713732805509369
H,4,21200626,5.69035945432406
H,4,21200627,5.497168225293202
H,4,21200628,5.2832037287379885
H,4,21200629,5.655991810819852
H,5,21200501,0.0
H,5,21200502,0.0
H,5,21200503,0.0
H,5,21200504,0.0
H,5,21200505,0.0
H,5,21200506,0.0
H,5,21200507,0.0
H,5,21200508,0.0
H,5,21200509,0.0
H,5,21200510,0.0
H,5,21200511,0.0
H,5,21200512,0.0
H,5,21200513,0.0
H,5,21200514,0.0
H,5,21200515,0.0
H,5,21200516,0.0
H,5,21200517,0.0
H,5,21200518,1.0986122886681098
H,5,21200519,1.0986122886681098
H,5,21200520,1.0986122886681098
H,5,21200521,0.6931471805599453
H,5,21200522,0.6931471805599453
H,5,21200523,0.0
H,5,21200524,0.6931471805599453
H,5,21200525,1.791759469228055
H,5,21200526,1.3862943611198906
H,5,21200527,0.6931471805599453
H,5,21200528,2.0794415416798357
H,5,21200529,2.3978952727983707
H,5,21200530,2.6390573296152584
H,5,21200531,2.0794415416798357
H,5,21200601,1.9459101490553132
H,5,21200602,2.6390573296152584
H,5,21200603,3.6635616461296463
H,5,21200604,3.4339872044851463
H,5,21200605,3.7612001156935624
H,5,21200606,3.58351893845611
H,5,21200607,3.6375861597263857
H,5,21200608,4.248495242049359
H,5,21200609,4.07753744390572
H,5,21200610,4.276666119016055
H,5,21200611,4.30406509320417
H,5,21200612,4.060443010546419
H,5,21200613,4.653960350157523
H,5,21200614,4.343805421853684
H,5,21200615,4.382026634673881
H,5,21200616,4.430816798843313
H,5,21200617,4.465908118654584
H,5,21200618,4.174387269895637
H,5,21200619,4.02535169073515
H,5,21200620,4.060443010546419
H,5,21200621,3.5553480614894135
H,5,21200622,3.970291913552122
H,5,21200623,4.060443010546419
H,5,21200624,3.7376696182833684
H,5,21200625,3.871201010907891
H,5,21200626,3.9889840465642745
H,5,21200627,3.828641396489095
H,5,21200628,3.1354942159291497
H,5,21200629,3.367295829986474
H,6,21200501,0.0
H,6,21200502,0.0
H,6,21200503,0.0
H,6,21200504,0.0
H,6,21200505,0.0
H,6,21200506,0.0
H,6,21200507,0.0
H,6,21200508,0.0
H,6,21200509,0.0
H,6,21200510,0.0
H,6,21200511,0.0
H,6,21200512,0.0
H,6,21200513,0.0
H,6,21200514,0.6931471805599453
H,6,21200515,0.0
H,6,21200516,0.6931471805599453
H,6,21200517,1.9459101490553132
H,6,21200518,1.3862943611198906
H,6,21200519,0.6931471805599453
H,6,21200520,1.3862943611198906
H,6,21200521,1.791759469228055
H,6,21200522,1.791759469228055
H,6,21200523,2.772588722239781
H,6,21200524,3.2188758248682006
H,6,21200525,1.6094379124341003
H,6,21200526,1.6094379124341003
H,6,21200527,3.295836866004329
H,6,21200528,3.5263605246161616
H,6,21200529,3.6375861597263857
H,6,21200530,3.828641396489095
H,6,21200531,3.5553480614894135
H,6,21200601,4.356708826689592
H,6,21200602,4.61512051684126
H,6,21200603,4.59511985013459
H,6,21200604,4.624972813284271
H,6,21200605,4.812184355372417
H,6,21200606,5.062595033026967
H,6,21200607,5.003946305945459
H,6,21200608,5.236441962829949
H,6,21200609,5.4510384535657
H,6,21200610,5.356586274672012
H,6,21200611,5.43372200355424
H,6,21200612,5.69035945432406
H,6,21200613,5.69035945432406
H,6,21200614,5.455321115357702
H,6,21200615,5.552959584921617
H,6,21200616,5.6240175061873385
H,6,21200617,5.575949103146316
H,6,21200618,5.579729825986222
H,6,21200619,5.407171771460119
H,6,21200620,5.365976015021851
H,6,21200621,5.135798437050262
H,6,21200622,5.170483995038151
H,6,21200623,5.056245805348308
H,6,21200624,5.209486152841421
H,6,21200625,5.081404364984463
H,6,21200626,4.962844630259907
H,6,21200627,4.795790545596741
H,6,21200628,4.3694478524670215
H,6,21200629,4.672828834461906
H,7,21200501,0.0
H,7,21200502,0.0
H,7,21200503,0.0
H,7,21200504,0.0
H,7,21200505,0.0
H,7,21200506,0.0
H,7,21200507,0.0
H,7,21200508,0.0
H,7,21200509,0.0
H,7,21200510,0.0
H,7,21200511,0.0
H,7,21200512,0.0
H,7,21200513,0.0
H,7,21200514,0.0
H,7,21200515,0.0
H,7,21200516,0.0
H,7,21200517,0.0
H,7,21200518,0.0
H,7,21200519,0.6931471805599453
H,7,21200520,0.0
H,7,21200521,0.0
H,7,21200522,2.0794415416798357
H,7,21200523,1.0986122886681098
H,7,21200524,1.791759469228055
H,7,21200525,0.0
H,7,21200526,1.0986122886681098
H,7,21200527,2.4849066497880004
H,7,21200528,2.302585092994046
H,7,21200529,2.1972245773362196
H,7,21200530,2.6390573296152584
H,7,21200531,2.70805020110221
H,7,21200601,2.995732273553991
H,7,21200602,3.1354942159291497
H,7,21200603,3.332204510175204
H,7,21200604,3.5263605246161616
H,7,21200605,2.70805020110221
H,7,21200606,3.4011973816621555
H,7,21200607,3.4339872044851463
H,7,21200608,4.060443010546419
H,7,21200609,3.6888794541139363
H,7,21200610,3.9889840465642745
H,7,21200611,3.8918202981106265
H,7,21200612,4.127134385045092
H,7,21200613,4.48863636973214
H,7,21200614,4.564348191467836
H,7,21200615,4.624972813284271
H,7,21200616,4.68213122712422
H,7,21200617,4.454347296253507
H,7,21200618,4.499809670330265
H,7,21200619,4.663439094112067
H,7,21200620,4.465908118654584
H,7,21200621,4.820281565605037
H,7,21200622,4.718498871295094
H,7,21200623,4.418840607796598
H,7,21200624,4.7535901911063645
H,7,21200625,4.795790545596741
H,7,21200626,4.836281906951478
H,7,21200627,4.574710978503383
H,7,21200628,4.3694478524670215
H,7,21200629,4.382026634673881
H,8,21200501,0.0
H,8,21200502,0.0
H,8,21200503,0.0
H,8,21200504,0.0
H,8,21200505,0.0
H,8,21200506,0.0
H,8,21200507,0.0
H,8,21200508,0.6931471805599453
H,8,21200509,0.0
H,8,21200510,0.0
H,8,21200511,0.0
H,8,21200512,0.0
H,8,21200513,0.0
H,8,21200514,0.0
H,8,21200515,0.0
H,8,21200516,0.0
H,8,21200517,1.3862943611198906
H,8,21200518,0.0
H,8,21200519,0.6931471805599453
H,8,21200520,0.6931471805599453
H,8,21200521,1.791759469228055
H,8,21200522,0.0
H,8,21200523,2.1972245773362196
H,8,21200524,0.0
H,8,21200525,0.6931471805599453
H,8,21200526,1.0986122886681098
H,8,21200527,2.5649493574615367
H,8,21200528,2.5649493574615367
H,8,21200529,2.4849066497880004
H,8,21200530,3.044522437723423
H,8,21200531,2.4849066497880004
H,8,21200601,3.1780538303479458
H,8,21200602,2.9444389791664403
H,8,21200603,3.4339872044851463
H,8,21200604,3.8066624897703196
H,8,21200605,3.9889840465642745
H,8,21200606,3.6888794541139363
H,8,21200607,4.204692619390966
H,8,21200608,4.290459441148391
H,8,21200609,4.31748811353631
H,8,21200610,4.48863636973214
H,8,21200611,4.532599493153256
H,8,21200612,4.867534450455582
H,8,21200613,5.267858159063328
H,8,21200614,4.976733742420574
H,8,21200615,5.147494476813453
H,8,21200616,5.351858133476067
H,8,21200617,5.093750200806762
H,8,21200618,5.209486152841421
H,8,21200619,5.313205979041787
H,8,21200620,5.075173815233827
H,8,21200621,5.087596335232384
H,8,21200622,5.288267030694535
H,8,21200623,5.231108616854587
H,8,21200624,5.313205979041787
H,8,21200625,5.25227342804663
H,8,21200626,5.1647859739235145
H,8,21200627,4.955827057601261
H,8,21200628,4.927253685157205
H,8,21200629,4.897839799950911
H,9,21200501,2.0794415416798357
H,9,21200502,0.0
H,9,21200503,1.3862943611198906
H,9,21200504,0.6931471805599453
H,9,21200505,1.0986122886681098
H,9,21200506,1.3862943611198906
H,9,21200507,1.3862943611198906
H,9,21200508,0.6931471805599453
H,9,21200509,2.3978952727983707
H,9,21200510,2.1972245773362196
H,9,21200511,2.302585092994046
H,9,21200512,2.3978952727983707
H,9,21200513,1.9459101490553132
H,9,21200514,3.4965075614664802
H,9,21200515,2.772588722239781
H,9,21200516,3.044522437723423
H,9,21200517,3.8918202981106265
H,9,21200518,4.02535169073515
H,9,21200519,4.189654742026425
H,9,21200520,4.02535169073515
H,9,21200521,4.143134726391533
H,9,21200522,4.248495242049359
H,9,21200523,4.532599493153256
H,9,21200524,4.9344739331306915
H,9,21200525,4.77912349311153
H,9,21200526,5.030437921392435
H,9,21200527,5.293304824724492
H,9,21200528,5.583496308781699
H,9,21200529,5.666426688112432
H,9,21200530,5.429345628954441
H,9,21200531,5.926926025970411
H,9,21200601,5.840641657373398
H,9,21200602,5.988961416889864
H,9,21200603,6.0112671744041615
H,9,21200604,5.717027701406222
H,9,21200605,5.575949103146316
H,9,21200606,5.3706380281276624
H,9,21200607,5.384495062789089
H,9,21200608,5.840641657373398
H,9,21200609,5.389071729816501
H,9,21200610,5.579729825986222
H,9,21200611,5.652489180268651
H,9,21200612,5.7430031878094825
H,9,21200613,5.541263545158426
H,9,21200614,5.648974238161206
H,9,21200615,5.697093486505405
H,9,21200616,5.749392985908253
H,9,21200617,5.683579767338681
H,9,21200618,5.583496308781699
H,9,21200619,5.605802066295998
H,9,21200620,5.424950017481403
H,9,21200621,5.442417710521793
H,9,21200622,5.14166355650266
H,9,21200623,5.365976015021851
H,9,21200624,5.389071729816501
H,9,21200625,5.308267697401205
H,9,21200626,5.25227342804663
H,9,21200627,5.10594547390058
H,9,21200628,4.969813299576001
H,9,21200629,5.043425116919247
H,10,21200501,0.0
H,10,21200502,0.0
H,10,21200503,0.0
H,10,21200504,0.0
H,10,21200505,0.0
H,10,21200506,0.0
H,10,21200507,0.0
H,10,21200508,0.0
H,10,21200509,1.0986122886681098
H,10,21200510,0.0
H,10,21200511,0.0
H,10,21200512,0.6931471805599453
H,10,21200513,0.0
H,10,21200514,1.0986122886681098
H,10,21200515,0.0
H,10,21200516,0.6931471805599453
H,10,21200517,0.6931471805599453
H,10,21200518,2.0794415416798357
H,10,21200519,2.0794415416798357
H,10,21200520,1.3862943611198906
H,10,21200521,1.3862943611198906
H,10,21200522,1.3862943611198906
H,10,21200523,2.1972245773362196
H,10,21200524,2.9444389791664403
H,10,21200525,3.295836866004329
H,10,21200526,3.5553480614894135
H,10,21200527,3.7612001156935624
H,10,21200528,4.04305126783455
H,10,21200529,4.343805421853684
H,10,21200530,3.9318256327243257
H,10,21200531,4.634728988229636
H,10,21200601,5.6131281063880705
H,10,21200602,5.351858133476067
H,10,21200603,5.552959584921617
H,10,21200604,5.389071729816501
H,10,21200605,5.272999558563747
H,10,21200606,5.420534999272286
H,10,21200607,5.598421958998375
H,10,21200608,5.8289456176102075
H,10,21200609,5.983936280687191
H,10,21200610,6.0867747269123065
H,10,21200611,6.20455776256869
H,10,21200612,6.327936783729195
H,10,21200613,6.4425401664681985
H,10,21200614,6.693323668269949
H,10,21200615,6.727431724850855
H,10,21200616,6.771935555839602
H,10,21200617,6.829793737512425
H,10,21200618,6.709304340258298
H,10,21200619,6.802394763324311
H,10,21200620,6.54534966033442
H,10,21200621,6.710523109452428
H,10,21200622,6.731018100482083
H,10,21200623,6.720220155135295
H,10,21200624,6.660575149839686
H,10,21200625,6.665683717782408
H,10,21200626,6.674561391814426
H,10,21200627,6.517671272912275
H,10,21200628,6.246106765481563
H,10,21200629,6.289715570908998
H,11,21200501,0.0
H,11,21200502,0.0
H,11,21200503,0.0
H,11,21200504,0.0
H,11,21200505,0.0
H,11,21200506,0.0
H,11,21200507,0.0
H,11,21200508,0.0
H,11,21200509,0.0
H,11,21200510,0.0
H,11,21200511,0.0
H,11,21200512,0.0
H,11,21200513,1.0986122886681098
H,11,21200514,0.0
H,11,21200515,0.0
H,11,21200516,0.0
H,11,21200517,0.0
H,11,21200518,0.6931471805599453
H,11,21200519,1.6094379124341003
H,11,21200520,0.0
H,11,21200521,1.3862943611198906
H,11,21200522,0.0
H,11,21200523,0.0
H,11,21200524,0.0
H,11,21200525,0.0
H,11,21200526,0.0
H,11,21200527,1.6094379124341003
H,11,21200528,0.0
H,11,21200529,0.0
H,11,21200530,1.9459101490553132
H,11,21200531,2.6390573296152584
H,11,21200601,2.772588722239781
H,11,21200602,3.2188758248682006
H,11,21200603,3.044522437723423
H,11,21200604,3.912023005428146
H,11,21200605,4.07753744390572
H,11,21200606,4.430816798843313
H,11,21200607,4.59511985013459
H,11,21200608,4.634728988229636
H,11,21200609,4.852030263919617
H,11,21200610,5.14166355650266
H,11,21200611,5.375278407684165
H,11,21200612,5.541263545158426
H,11,21200613,5.484796933490655
H,11,21200614,5.755742213586912
H,11,21200615,5.8971538676367405
H,11,21200616,6.003887067106539
H,11,21200617,5.857933154483459
H,11,21200618,5.8916442118257715
H,11,21200619,5.916202062607435
H,11,21200620,5.71042701737487
H,11,21200621,5.752572638825633
H,11,21200622,5.7745515455444085
H,11,21200623,5.594711379601839
H,11,21200624,5.69035945432406
H,11,21200625,5.730099782973574
H,11,21200626,5.765191102784844
H,11,21200627,5.66988092298052
H,11,21200628,5.3612921657094255
H,11,21200629,5.488937726156687
H,12,21200501,0.0
H,12,21200502,0.0
H,12,21200503,0.0
H,12,21200504,0.0
H,12,21200505,0.0
H,12,21200506,0.0
H,12,21200507,0.0
H,12,21200508,0.0
H,12,21200509,0.0
H,12,21200510,0.0
H,12,21200511,0.0
H,12,21200512,0.0
H,12,21200513,0.0
H,12,21200514,0.0
H,12,21200515,0.0
H,12,21200516,0.0
H,12,21200517,0.0
H,12,21200518,0.0
H,12,21200519,0.0
H,12,21200520,0.0
H,12,21200521,0.0
H,12,21200522,0.0
H,12,21200523,0.0
H,12,21200524,0.0
H,12,21200525,0.0
H,12,21200526,0.0
H,12,21200527,0.0
H,12,21200528,0.0
H,12,21200529,0.0
H,12,21200530,0.0
H,12,21200531,1.0986122886681098
H,12,21200601,1.6094379124341003
H,12,21200602,1.6094379124341003
H,12,21200603,2.1972245773362196
H,12,21200604,2.4849066497880004
H,12,21200605,3.044522437723423
H,12,21200606,3.367295829986474
H,12,21200607,3.58351893845611
H,12,21200608,2.3978952727983707
H,12,21200609,2.833213344056216
H,12,21200610,3.4965075614664802
H,12,21200611,3.367295829986474
H,12,21200612,4.110873864173311
H,12,21200613,4.406719247264253
H,12,21200614,4.406719247264253
H,12,21200615,4.543294782270004
H,12,21200616,4.68213122712422
H,12,21200617,4.836281906951478
H,12,21200618,5.41610040220442
H,12,21200619,5.375278407684165
H,12,21200620,5.37989735354046
H,12,21200621,5.666426688112432
H,12,21200622,5.655991810819852
H,12,21200623,5.771441123130016
H,12,21200624,6.091309882077698
H,12,21200625,6.091309882077698
H,12,21200626,6.093569770045136
H,12,21200627,5.908082938168931
H,12,21200628,5.908082938168931
H,12,21200629,5.961005339623274
H,13,21200501,0.0
H,13,21200502,0.0
H,13,21200503,0.0
H,13,21200504,0.0
H,13,21200505,0.0
H,13,21200506,0.0
H,13,21200507,0.0
H,13,21200508,0.0
H,13,21200509,0.0
H,13,21200510,0.0
H,13,21200511,0.0
H,13,21200512,0.0
H,13,21200513,0.0
H,13,21200514,0.0
H,13,21200515,0.0
H,13,21200516,0.0
H,13,21200517,0.0
H,13,21200518,0.0
H,13,21200519,0.0
H,13,21200520,0.0
H,13,21200521,0.0
H,13,21200522,0.0
H,13,21200523,0.0
H,13,21200524,0.0
H,13,21200525,0.0
H,13,21200526,0.0
H,13,21200527,0.0
H,13,21200528,0.0
H,13,21200529,0.0
H,13,21200530,0.6931471805599453
H,13,21200531,0.6931471805599453
H,13,21200601,1.0986122886681098
H,13,21200602,2.1972245773362196
H,13,21200603,1.791759469228055
H,13,21200604,2.302585092994046
H,13,21200605,2.4849066497880004
H,13,21200606,3.091042453358316
H,13,21200607,1.791759469228055
H,13,21200608,2.833213344056216
H,13,21200609,2.772588722239781
H,13,21200610,2.4849066497880004
H,13,21200611,3.332204510175204
H,13,21200612,3.332204510175204
H,13,21200613,3.784189633918261
H,13,21200614,3.6375861597263857
H,13,21200615,3.7612001156935624
H,13,21200616,3.8501476017100584
H,13,21200617,4.0943445622221
H,13,21200618,4.23410650459726
H,13,21200619,4.356708826689592
H,13,21200620,4.532599493153256
H,13,21200621,4.330733340286331
H,13,21200622,4.605170185988092
H,13,21200623,4.406719247264253
H,13,21200624,4.718498871295094
H,13,21200625,4.787491742782046
H,13,21200626,4.844187086458591
H,13,21200627,4.605170185988092
H,13,21200628,4.736198448394496
H,13,21200629,4.5217885770490405
H,14,21200501,0.0
H,14,21200502,0.0
H,14,21200503,0.0
H,14,21200504,0.0
H,14,21200505,0.0
H,14,21200506,0.0
H,14,21200507,0.0
H,14,21200508,0.0
H,14,21200509,0.0
H,14,21200510,0.0
H,14,21200511,0.0
H,14,21200512,0.0
H,14,21200513,0.0
H,14,21200514,0.0
H,14,21200515,0.0
H,14,21200516,0.0
H,14,21200517,0.0
H,14,21200518,0.0
H,14,21200519,0.0
H,14,21200520,0.0
H,14,21200521,0.0
H,14,21200522,0.0
H,14,21200523,0.0
H,14,21200524,0.0
H,14,21200525,0.0
H,14,21200526,0.0
H,14,21200527,0.0
H,14,21200528,0.0
H,14,21200529,0.0
H,14,21200530,0.0
H,14,21200531,0.0
H,14,21200601,0.0
H,14,21200602,0.0
H,14,21200603,0.0
H,14,21200604,0.0
H,14,21200605,2.6390573296152584
H,14,21200606,1.791759469228055
H,14,21200607,1.791759469228055
H,14,21200608,1.9459101490553132
H,14,21200609,1.3862943611198906
H,14,21200610,2.6390573296152584
H,14,21200611,2.5649493574615367
H,14,21200612,3.044522437723423
H,14,21200613,3.367295829986474
H,14,21200614,2.6390573296152584
H,14,21200615,2.995732273553991
H,14,21200616,3.258096538021482
H,14,21200617,3.6109179126442243
H,14,21200618,3.9889840465642745
H,14,21200619,3.828641396489095
H,14,21200620,4.143134726391533
H,14,21200621,4.30406509320417
H,14,21200622,4.5217885770490405
H,14,21200623,4.663439094112067
H,14,21200624,4.787491742782046
H,14,21200625,4.795790545596741
H,14,21200626,4.820281565605037
H,14,21200627,4.663439094112067
H,14,21200628,4.804021044733257
H,14,21200629,4.997212273764115
H,15,21200501,0.0
H,15,21200502,0.0
H,15,21200503,0.0
H,15,21200504,0.0
H,15,21200505,0.0
H,15,21200506,0.0
H,15,21200507,0.0
H,15,21200508,0.0
H,15,21200509,0.0
H,15,21200510,0.0
H,15,21200511,0.0
H,15,21200512,0.0
H,15,21200513,0.0
H,15,21200514,0.0
H,15,21200515,0.0
H,15,21200516,0.0
H,15,21200517,0.0
H,15,21200518,0.0
H,15,21200519,0.0
H,15,21200520,0.0
H,15,21200521,0.0
H,15,21200522,0.0
H,15,21200523,0.0
H,15,21200524,0.0
H,15,21200525,0.0
H,15,21200526,0.0
H,15,21200527,0.0
H,15,21200528,0.0
H,15,21200529,0.6931471805599453
H,15,21200530,1.0986122886681098
H,15,21200531,1.3862943611198906
H,15,21200601,2.0794415416798357
H,15,21200602,0.0
H,15,21200603,1.9459101490553132
H,15,21200604,2.5649493574615367
H,15,21200605,2.9444389791664403
H,15,21200606,3.5263605246161616
H,15,21200607,3.6635616461296463
H,15,21200608,3.871201010907891
H,15,21200609,3.9318256327243257
H,15,21200610,4.418840607796598
H,15,21200611,4.634728988229636
H,15,21200612,4.941642422609304
H,15,21200613,4.976733742420574
H,15,21200614,5.4116460518550396
H,15,21200615,5.673323267171493
H,15,21200616,5.840641657373398
H,15,21200617,5.802118375377063
H,15,21200618,5.91350300563827
H,15,21200619,6.075346031088684
H,15,21200620,5.976350909297934
H,15,21200621,6.18826412308259
H,15,21200622,6.222576268071369
H,15,21200623,6.3561076606958915
H,15,21200624,6.234410725718371
H,15,21200625,6.327936783729195
H,15,21200626,6.432940092739179
H,15,21200627,6.182084906716632
H,15,21200628,6.07073772800249
H,15,21200629,6.12029741895095
H,16,21200501,0.0
H,16,21200502,0.0
H,16,21200503,0.0
H,16,21200504,0.0
H,16,21200505,0.0
H,16,21200506,0.0
H,16,21200507,0.0
H,16,21200508,0.0
H,16,21200509,0.0
H,16,21200510,0.0
H,16,21200511,0.0
H,16,21200512,0.0
H,16,21200513,0.0
H,16,21200514,0.0
H,16,21200515,0.0
H,16,21200516,0.0
H,16,21200517,0.0
H,16,21200518,0.0
H,16,21200519,0.0
H,16,21200520,0.0
H,16,21200521,0.0
H,16,21200522,0.0
H,16,21200523,0.0
H,16,21200524,0.0
H,16,21200525,0.0
H,16,21200526,0.0
H,16,21200527,0.0
H,16,21200528,0.0
H,16,21200529,0.0
H,16,21200530,0.0
H,16,21200531,0.6931471805599453
H,16,21200601,0.0
H,16,21200602,0.0
H,16,21200603,1.3862943611198906
H,16,21200604,1.3862943611198906
H,16,21200605,2.995732273553991
H,16,21200606,2.772588722239781
H,16,21200607,2.4849066497880004
H,16,21200608,2.9444389791664403
H,16,21200609,2.772588722239781
H,16,21200610,3.4011973816621555
H,16,21200611,3.970291913552122
H,16,21200612,4.356708826689592
H,16,21200613,4.564348191467836
H,16,21200614,4.672828834461906
H,16,21200615,4.882801922586371
H,16,21200616,5.111987788356544
H,16,21200617,5.351858133476067
H,16,21200618,5.44673737166631
H,16,21200619,5.429345628954441
H,16,21200620,5.278114659230517
H,16,21200621,5.4638318050256105
H,16,21200622,5.783825182329737
H,16,21200623,5.602118820879701
H,16,21200624,5.780743515792329
H,16,21200625,5.752572638825633
H,16,21200626,5.720311776607412
H,16,21200627,5.634789603169249
H,16,21200628,5.4116460518550396
H,16,21200629,5.44673737166631
H,17,21200501,0.0
H,17,21200502,0.0
H,17,21200503,0.0
H,17,21200504,0.0
H,17,21200505,0.0
H,17,21200506,0.0
H,17,21200507,0.0
H,17,21200508,0.0
H,17,21200509,0.0
H,17,21200510,0.0
H,17,21200511,0.0
H,17,21200512,0.0
H,17,21200513,0.0
H,17,21200514,0.0
H,17,21200515,0.0
H,17,21200516,0.0
H,17,21200517,0.0
H,17,21200518,0.0
H,17,21200519,0.0
H,17,21200520,0.0
H,17,21200521,0.0
H,17,21200522,0.0
H,17,21200523,0.0
H,17,21200524,0.0
H,17,21200525,0.0
H,17,21200526,0.0
H,17,21200527,0.0
H,17,21200528,1.791759469228055
H,17,21200529,1.791759469228055
H,17,21200530,1.0986122886681098
H,17,21200531,1.6094379124341003
H,17,21200601,2.302585092994046
H,17,21200602,3.332204510175204
H,17,21200603,3.8066624897703196
H,17,21200604,3.912023005428146
H,17,21200605,4.248495242049359
H,17,21200606,4.143134726391533
H,17,21200607,3.8066624897703196
H,17,21200608,4.3694478524670215
H,17,21200609,4.709530201312334
H,17,21200610,4.948759890378168
H,17,21200611,5.241747015059643
H,17,21200612,5.545177444479562
H,17,21200613,5.752572638825633
H,17,21200614,5.981414211254481
H,17,21200615,6.154858094016418
H,17,21200616,6.267200548541362
H,17,21200617,6.338594078203183
H,17,21200618,6.393590753950631
H,17,21200619,6.520621127558696
H,17,21200620,6.396929655216146
H,17,21200621,6.647688373563329
H,17,21200622,6.827629234502852
H,17,21200623,6.907755278982137
H,17,21200624,6.922643891475888
H,17,21200625,6.954638864880987
H,17,21200626,6.988413181999592
H,17,21200627,6.81783057145415
H,17,21200628,6.673297967767654
H,17,21200629,6.752270376141742
H,18,21200501,0.0
H,18,21200502,0.0
H,18,21200503,0.0
H,18,21200504,0.0
H,18,21200505,0.0
H,18,21200506,0.0
H,18,21200507,0.0
H,18,21200508,0.0
H,18,21200509,0.0
H,18,21200510,0.0
H,18,21200511,0.0
H,18,21200512,0.0
H,18,21200513,0.0
H,18,21200514,0.0
H,18,21200515,0.0
H,18,21200516,0.0
H,18,21200517,0.0
H,18,21200518,0.0
H,18,21200519,0.0
H,18,21200520,0.0
H,18,21200521,0.0
H,18,21200522,0.0
H,18,21200523,0.0
H,18,21200524,0.0
H,18,21200525,0.0
H,18,21200526,0.0
H,18,21200527,0.0
H,18,21200528,0.0
H,18,21200529,1.3862943611198906
H,18,21200530,0.6931471805599453
H,18,21200531,1.6094379124341003
H,18,21200601,0.0
H,18,21200602,1.6094379124341003
H,18,21200603,2.70805020110221
H,18,21200604,3.258096538021482
H,18,21200605,3.091042453358316
H,18,21200606,3.258096538021482
H,18,21200607,3.258096538021482
H,18,21200608,3.4011973816621555
H,18,21200609,3.6888794541139363
H,18,21200610,3.6375861597263857
H,18,21200611,4.07753744390572
H,18,21200612,4.23410650459726
H,18,21200613,4.875197323201151
H,18,21200614,4.976733742420574
H,18,21200615,5.075173815233827
H,18,21200616,5.198497031265826
H,18,21200617,5.455321115357702
H,18,21200618,5.497168225293202
H,18,21200619,5.703782474656201
H,18,21200620,5.442417710521793
H,18,21200621,5.8971538676367405
H,18,21200622,5.942799375126701
H,18,21200623,6.12029741895095
H,18,21200624,6.077642243349034
H,18,21200625,6.163314804034641
H,18,21200626,6.22455842927536
H,18,21200627,5.976350909297934
H,18,21200628,5.877735781779639
H,18,21200629,5.961005339623274
H,19,21200501,0.0
H,19,21200502,0.0
H,19,21200503,0.0
H,19,21200504,0.0
H,19,21200505,0.0
H,19,21200506,0.0
H,19,21200507,0.0
H,19,21200508,0.0
H,19,21200509,0.0
H,19,21200510,0.0
H,19,21200511,0.0
H,19,21200512,0.0
H,19,21200513,0.0
H,19,21200514,0.0
H,19,21200515,0.0
H,19,21200516,0.0
H,19,21200517,0.0
H,19,21200518,0.0
H,19,21200519,0.0
H,19,21200520,0.0
H,19,21200521,0.0
H,19,21200522,0.0
H,19,21200523,0.0
H,19,21200524,0.0
H,19,21200525,0.0
H,19,21200526,0.0
H,19,21200527,0.0
H,19,21200528,0.0
H,19,21200529,0.0
H,19,21200530,0.0
H,19,21200531,0.0
H,19,21200601,0.0
H,19,21200602,0.0
H,19,21200603,1.3862943611198906
H,19,21200604,0.6931471805599453
H,19,21200605,2.4849066497880004
H,19,21200606,0.6931471805599453
H,19,21200607,1.3862943611198906
H,19,21200608,1.6094379124341003
H,19,21200609,1.3862943611198906
H,19,21200610,2.5649493574615367
H,19,21200611,2.5649493574615367
H,19,21200612,2.5649493574615367
H,19,21200613,3.091042453358316
H,19,21200614,2.70805020110221
H,19,21200615,3.091042453358316
H,19,21200616,3.4965075614664802
H,19,21200617,3.9889840465642745
H,19,21200618,3.828641396489095
H,19,21200619,4.02535169073515
H,19,21200620,3.784189633918261
H,19,21200621,4.51085950651685
H,19,21200622,4.174387269895637
H,19,21200623,4.6443908991413725
H,19,21200624,4.477336814478207
H,19,21200625,4.574710978503383
H,19,21200626,4.6443908991413725
H,19,21200627,4.343805421853684
H,19,21200628,4.276666119016055
H,19,21200629,4.174387269895637
H,20,21200501,0.0
H,20,21200502,0.0
H,20,21200503,0.0
H,20,21200504,0.0
H,20,21200505,0.0
H,20,21200506,0.0
H,20,21200507,0.0
H,20,21200508,0.0
H,20,21200509,0.0
H,20,21200510,0.0
H,20,21200511,0.0
H,20,21200512,0.0
H,20,21200513,0.0
H,20,21200514,0.0
H,20,21200515,0.0
H,20,21200516,0.0
H,20,21200517,0.0
H,20,21200518,0.0
H,20,21200519,0.0
H,20,21200520,0.0
H,20,21200521,0.0
H,20,21200522,0.0
H,20,21200523,0.0
H,20,21200524,0.0
H,20,21200525,0.0
H,20,21200526,0.0
H,20,21200527,0.0
H,20,21200528,0.0
H,20,21200529,0.6931471805599453
H,20,21200530,0.0
H,20,21200531,2.0794415416798357
H,20,21200601,2.302585092994046
H,20,21200602,1.791759469228055
H,20,21200603,1.9459101490553132
H,20,21200604,2.3978952727983707
H,20,21200605,2.5649493574615367
H,20,21200606,3.1780538303479458
H,20,21200607,3.6109179126442243
H,20,21200608,3.784189633918261
H,20,21200609,3.871201010907891
H,20,21200610,3.7376696182833684
H,20,21200611,4.02535169073515
H,20,21200612,4.465908118654584
H,20,21200613,4.700480365792417
H,20,21200614,4.859812404361672
H,20,21200615,4.927253685157205
H,20,21200616,5.017279836814924
H,20,21200617,5.0238805208462765
H,20,21200618,5.5053315359323625
H,20,21200619,5.389071729816501
H,20,21200620,5.44673737166631
H,20,21200621,5.537334267018537
H,20,21200622,5.598421958998375
H,20,21200623,5.700443573390687
H,20,21200624,5.645446897643238
H,20,21200625,5.680172609017068
H,20,21200626,5.71042701737487
H,20,21200627,5.5134287461649825
H,20,21200628,5.579729825986222
H,20,21200629,5.459585514144159
H,21,21200501,0.0
H,21,21200502,0.0
H,21,21200503,0.0
H,21,21200504,0.0
H,21,21200505,0.0
H,21,21200506,0.0
H,21,21200507,0.0
H,21,21200508,0.0
H,21,21200509,0.0
H,21,21200510,0.0
H,21,21200511,0.0
H,21,21200512,0.0
H,21,21200513,0.0
H,21,21200514,0.0
H,21,21200515,0.0
H,21,21200516,0.0
H,21,21200517,0.0
H,21,21200518,0.0
H,21,21200519,0.0
H,21,21200520,0.0
H,21,21200521,0.0
H,21,21200522,0.0
H,21,21200523,0.0
H,21,21200524,0.0
H,21,21200525,0.0
H,21,21200526,0.0
H,21,21200527,2.3978952727983707
H,21,21200528,1.3862943611198906
H,21,21200529,2.5649493574615367
H,21,21200530,3.1780538303479458
H,21,21200531,3.713572066704308
H,21,21200601,4.844187086458591
H,21,21200602,4.7535901911063645
H,21,21200603,5.093750200806762
H,21,21200604,5.3471075307174685
H,21,21200605,5.402677381872279
H,21,21200606,5.220355825078324
H,21,21200607,5.43372200355424
H,21,21200608,5.771441123130016
H,21,21200609,5.8888779583328805
H,21,21200610,6.270988431858299
H,21,21200611,6.577861357721047
H,21,21200612,6.733401891837359
H,21,21200613,6.954638864880987
H,21,21200614,7.105786129481271
H,21,21200615,7.329093736246592
H,21,21200616,7.492760300922379
H,21,21200617,7.587310506022615
H,21,21200618,7.512071245835466
H,21,21200619,7.443078374348516
H,21,21200620,7.315218389752975
H,21,21200621,7.4798641311650265
H,21,21200622,7.618742377670413
H,21,21200623,7.534228326274089
H,21,21200624,7.557994958530806
H,21,21200625,7.580699752224563
H,21,21200626,7.611347717403621
H,21,21200627,7.3427791893318455
H,21,21200628,7.15305163493748
H,21,21200629,7.246368080102461
H,22,21200501,0.0
H,22,21200502,0.0
H,22,21200503,0.0
H,22,21200504,0.0
H,22,21200505,0.0
H,22,21200506,0.0
H,22,21200507,0.0
H,22,21200508,0.0
H,22,21200509,0.0
H,22,21200510,0.0
H,22,21200511,0.0
H,22,21200512,0.0
H,22,21200513,0.0
H,22,21200514,0.0
H,22,21200515,0.0
H,22,21200516,0.0
H,22,21200517,0.0
H,22,21200518,0.0
H,22,21200519,0.0
H,22,21200520,0.0
H,22,21200521,0.0
H,22,21200522,0.0
H,22,21200523,0.0
H,22,21200524,0.0
H,22,21200525,0.0
H,22,21200526,0.0
H,22,21200527,0.0
H,22,21200528,0.0
H,22,21200529,0.0
H,22,21200530,0.0
H,22,21200531,0.0
H,22,21200601,1.9459101490553132
H,22,21200602,0.6931471805599453
H,22,21200603,1.791759469228055
H,22,21200604,1.3862943611198906
H,22,21200605,1.3862943611198906
H,22,21200606,1.0986122886681098
H,22,21200607,0.0
H,22,21200608,0.0
H,22,21200609,0.0
H,22,21200610,1.6094379124341003
H,22,21200611,2.302585092994046
H,22,21200612,1.6094379124341003
H,22,21200613,2.5649493574615367
H,22,21200614,1.9459101490553132
H,22,21200615,2.4849066497880004
H,22,21200616,2.833213344056216
H,22,21200617,3.367295829986474
H,22,21200618,3.4011973816621555
H,22,21200619,3.4965075614664802
H,22,21200620,3.58351893845611
H,22,21200621,3.6635616461296463
H,22,21200622,3.6888794541139363
H,22,21200623,3.912023005428146
H,22,21200624,3.7612001156935624
H,22,21200625,3.6635616461296463
H,22,21200626,3.6109179126442243
H,22,21200627,3.4657359027997265
H,22,21200628,4.02535169073515
H,22,21200629,3.6635616461296463
H,23,21200501,0.0
H,23,21200502,0.0
H,23,21200503,0.0
H,23,21200504,0.0
H,23,21200505,0.0
H,23,21200506,0.0
H,23,21200507,0.0
H,23,21200508,0.0
H,23,21200509,0.0
H,23,21200510,0.0
H,23,21200511,0.0
H,23,21200512,0.0
H,23,21200513,0.0
H,23,21200514,0.0
H,23,21200515,0.0
H,23,21200516,0.0
H,23,21200517,0.0
H,23,21200518,0.0
H,23,21200519,0.0
H,23,21200520,0.0
H,23,21200521,0.0
H,23,21200522,0.0
H,23,21200523,0.0
H,23,21200524,0.0
H,23,21200525,0.0
H,23,21200526,0.6931471805599453
H,23,21200527,0.0
H,23,21200528,0.0
H,23,21200529,0.6931471805599453
H,23,21200530,2.0794415416798357
H,23,21200531,2.8903717578961645
H,23,21200601,2.70805020110221
H,23,21200602,3.4339872044851463
H,23,21200603,3.1780538303479458
H,23,21200604,4.110873864173311
H,23,21200605,4.04305126783455
H,23,21200606,4.127134385045092
H,23,21200607,4.709530201312334
H,23,21200608,4.430816798843313
H,23,21200609,4.820281565605037
H,23,21200610,5.429345628954441
H,23,21200611,5.53338948872752
H,23,21200612,5.54907608489522
H,23,21200613,6.131226489483141
H,23,21200614,6.056784013228625
H,23,21200615,6.246106765481563
H,23,21200616,6.366470447731438
H,23,21200617,6.369900982828227
H,23,21200618,6.274762021241939
H,23,21200619,6.318968113746434
H,23,21200620,6.220590170099739
H,23,21200621,6.255750041753367
H,23,21200622,6.398594934535208
H,23,21200623,6.251903883165888
H,23,21200624,6.274762021241939
H,23,21200625,6.300785794663244
H,23,21200626,6.329720905522696
H,23,21200627,6.095824562432225
H,23,21200628,6.061456918928017
H,23,21200629,6.073044534100405
H,24,21200501,0.0
H,24,21200502,0.0
H,24,21200503,0.0
H,24,21200504,0.0
H,24,21200505,0.0
H,24,21200506,0.0
H,24,21200507,0.0
H,24,21200508,0.0
H,24,21200509,0.0
H,24,21200510,0.0
H,24,21200511,0.0
H,24,21200512,0.0
H,24,21200513,0.0
H,24,21200514,0.0
H,24,21200515,0.0
H,24,21200516,0.0
H,24,21200517,0.0
H,24,21200518,0.0
H,24,21200519,0.0
H,24,21200520,0.0
H,24,21200521,0.0
H,24,21200522,0.0
H,24,21200523,0.0
H,24,21200524,0.0
H,24,21200525,0.0
H,24,21200526,0.0
H,24,21200527,0.0
H,24,21200528,0.0
H,24,21200529,0.0
H,24,21200530,0.0
H,24,21200531,0.0
H,24,21200601,0.6931471805599453
H,24,21200602,0.0
H,24,21200603,2.6390573296152584
H,24,21200604,2.1972245773362196
H,24,21200605,2.6390573296152584
H,24,21200606,0.0
H,24,21200607,0.0
H,24,21200608,1.3862943611198906
H,24,21200609,2.0794415416798357
H,24,21200610,1.0986122886681098
H,24,21200611,0.6931471805599453
H,24,21200612,1.6094379124341003
H,24,21200613,1.6094379124341003
H,24,21200614,2.1972245773362196
H,24,21200615,2.1972245773362196
H,24,21200616,2.1972245773362196
H,24,21200617,1.791759469228055
H,24,21200618,1.9459101490553132
H,24,21200619,2.1972245773362196
H,24,21200620,1.9459101490553132
H,24,21200621,2.1972245773362196
H,24,21200622,2.70805020110221
H,24,21200623,2.8903717578961645
H,24,21200624,2.9444389791664403
H,24,21200625,2.8903717578961645
H,24,21200626,2.8903717578961645
H,24,21200627,3.295836866004329
H,24,21200628,3.091042453358316
H,24,21200629,3.6635616461296463
H,25,21200501,0.0
H,25,21200502,0.0
H,25,21200503,0.0
H,25,21200504,0.0
H,25,21200505,0.0
H,25,21200506,0.0
H,25,21200507,0.0
H,25,21200508,0.0
H,25,21200509,0.0
H,25,21200510,0.0
H,25,21200511,0.0
H,25,21200512,0.0
H,25,21200513,0.0
H,25,21200514,0.0
H,25,21200515,0.0
H,25,21200516,0.0
H,25,21200517,0.0
H,25,21200518,0.0
H,25,21200519,0.0
H,25,21200520,0.0
H,25,21200521,0.0
H,25,21200522,0.0
H,25,21200523,0.0
H,25,21200524,0.0
H,25,21200525,0.0
H,25,21200526,0.0
H,25,21200527,0.0
H,25,21200528,0.0
H,25,21200529,0.0
H,25,21200530,0.0
H,25,21200531,1.3862943611198906
H,25,21200601,1.3862943611198906
H,25,21200602,0.0
H,25,21200603,0.0
H,25,21200604,0.0
H,25,21200605,0.0
H,25,21200606,0.0
H,25,21200607,0.0
H,25,21200608,0.0
H,25,21200609,0.0
H,25,21200610,0.6931471805599453
H,25,21200611,0.0
H,25,21200612,0.6931471805599453
H,25,21200613,0.0
H,25,21200614,1.9459101490553132
H,25,21200615,1.3862943611198906
H,25,21200616,1.0986122886681098
H,25,21200617,1.3862943611198906
H,25,21200618,1.791759469228055
H,25,21200619,1.9459101490553132
H,25,21200620,1.9459101490553132
H,25,21200621,1.3862943611198906
H,25,21200622,2.5649493574615367
H,25,21200623,2.5649493574615367
H,25,21200624,3.1354942159291497
H,25,21200625,3.044522437723423
H,25,21200626,3.044522437723423
H,25,21200627,3.1354942159291497
H,25,21200628,2.833213344056216
H,25,21200629,2.70805020110221
H,26,21200501,0.0
H,26,21200502,0.0
H,26,21200503,0.0
H,26,21200504,0.0
H,26,21200505,0.0
H,26,21200506,0.0
H,26,21200507,0.0
H,26,21200508,0.0
H,26,21200509,0.0
H,26,21200510,0.0
H,26,21200511,0.0
H,26,21200512,0.0
H,26,21200513,0.0
H,26,21200514,0.0
H,26,21200515,0.0
H,26,21200516,0.0
H,26,21200517,0.0
H,26,21200518,0.0
H,26,21200519,0.0
H,26,21200520,0.0
H,26,21200521,0.0
H,26,21200522,0.0
H,26,21200523,0.0
H,26,21200524,0.0
H,26,21200525,0.0
H,26,21200526,0.0
H,26,21200527,0.0
H,26,21200528,0.0
H,26,21200529,0.0
H,26,21200530,0.0
H,26,21200531,0.6931471805599453
H,26,21200601,0.0
H,26,21200602,1.0986122886681098
H,26,21200603,1.9459101490553132
H,26,21200604,2.6390573296152584
H,26,21200605,2.9444389791664403
H,26,21200606,2.1972245773362196
H,26,21200607,2.833213344056216
H,26,21200608,2.8903717578961645
H,26,21200609,2.9444389791664403
H,26,21200610,2.6390573296152584
H,26,21200611,3.4965075614664802
H,26,21200612,3.5263605246161616
H,26,21200613,3.258096538021482
H,26,21200614,3.258096538021482
H,26,21200615,3.6375861597263857
H,26,21200616,3.8501476017100584
H,26,21200617,3.8501476017100584
H,26,21200618,4.343805421853684
H,26,21200619,4.564348191467836
H,26,21200620,4.356708826689592
H,26,21200621,4.442651256490317
H,26,21200622,4.787491742782046
H,26,21200623,4.859812404361672
H,26,21200624,4.804021044733257
H,26,21200625,4.852030263919617
H,26,21200626,4.912654885736052
H,26,21200627,4.867534450455582
H,26,21200628,4.454347296253507
H,26,21200629,4.6443908991413725
H,27,21200501,0.0
H,27,21200502,0.0
H,27,21200503,0.0
H,27,21200504,0.0
H,27,21200505,0.0
H,27,21200506,0.0
H,27,21200507,0.0
H,27,21200508,0.0
H,27,21200509,0.0
H,27,21200510,0.0
H,27,21200511,0.0
H,27,21200512,0.0
H,27,21200513,0.0
H,27,21200514,0.0
H,27,21200515,0.0
H,27,21200516,0.0
H,27,21200517,0.0
H,27,21200518,0.0
H,27,21200519,0.0
H,27,21200520,0.0
H,27,21200521,0.0
H,27,21200522,0.0
H,27,21200523,0.0
H,27,21200524,0.0
H,27,21200525,0.0
H,27,21200526,0.0
H,27,21200527,0.0
H,27,21200528,0.0
H,27,21200529,0.0
H,27,21200530,0.0
H,27,21200531,1.9459101490553132
H,27,21200601,0.6931471805599453
H,27,21200602,1.6094379124341003
H,27,21200603,2.995732273553991
H,27,21200604,2.9444389791664403
H,27,21200605,3.8918202981106265
H,27,21200606,3.295836866004329
H,27,21200607,3.8501476017100584
H,27,21200608,4.02535169073515
H,27,21200609,3.9889840465642745
H,27,21200610,4.499809670330265
H,27,21200611,4.969813299576001
H,27,21200612,4.867534450455582
H,27,21200613,5.181783550292085
H,27,21200614,5.521460917862246
H,27,21200615,5.564520407322694
H,27,21200616,5.6131281063880705
H,27,21200617,5.8888779583328805
H,27,21200618,5.950642552587727
H,27,21200619,5.855071922202427
H,27,21200620,5.857933154483459
H,27,21200621,5.945420608606575
H,27,21200622,5.91350300563827
H,27,21200623,6.018593214496234
H,27,21200624,6.054439346269371
H,27,21200625,6.075346031088684
H,27,21200626,6.102558594613569
H,27,21200627,5.75890177387728
H,27,21200628,5.666426688112432
H,27,21200629,5.60947179518496
H,28,21200501,0.0
H,28,21200502,0.0
H,28,21200503,0.0
H,28,21200504,0.0
H,28,21200505,0.0
H,28,21200506,0.0
H,28,21200507,0.0
H,28,21200508,0.0
H,28,21200509,0.0
H,28,21200510,0.0
H,28,21200511,0.0
H,28,21200512,0.0
H,28,21200513,0.0
H,28,21200514,0.0
H,28,21200515,0.0
H,28,21200516,0.0
H,28,21200517,0.0
H,28,21200518,0.0
H,28,21200519,0.0
H,28,21200520,0.0
H,28,21200521,0.0
H,28,21200522,0.0
H,28,21200523,0.0
H,28,21200524,0.0
H,28,21200525,0.0
H,28,21200526,0.0
H,28,21200527,0.0
H,28,21200528,0.0
H,28,21200529,0.0
H,28,21200530,0.0
H,28,21200531,0.0
H,28,21200601,0.6931471805599453
H,28,21200602,1.3862943611198906
H,28,21200603,1.0986122886681098
H,28,21200604,2.6390573296152584
H,28,21200605,3.044522437723423
H,28,21200606,3.258096538021482
H,28,21200607,2.4849066497880004
H,28,21200608,2.5649493574615367
H,28,21200609,2.3978952727983707
H,28,21200610,2.5649493574615367
H,28,21200611,3.6635616461296463
H,28,21200612,4.007333185232471
H,28,21200613,3.828641396489095
H,28,21200614,3.4657359027997265
H,28,21200615,3.8918202981106265
H,28,21200616,4.248495242049359
H,28,21200617,4.394449154672439
H,28,21200618,3.784189633918261
H,28,21200619,4.0943445622221
H,28,21200620,4.23410650459726
H,28,21200621,4.23410650459726
H,28,21200622,4.330733340286331
H,28,21200623,3.9318256327243257
H,28,21200624,4.2626798770413155
H,28,21200625,4.189654742026425
H,28,21200626,4.110873864173311
H,28,21200627,3.970291913552122
H,28,21200628,3.9512437185814275
H,28,21200629,3.8501476017100584
H,29,21200501,0.0
H,29,21200502,0.0
H,29,21200503,0.0
H,29,21200504,0.0
H,29,21200505,0.0
H,29,21200506,0.0
H,29,21200507,0.0
H,29,21200508,0.0
H,29,21200509,0.0
H,29,21200510,0.0
H,29,21200511,0.0
H,29,21200512,0.0
H,29,21200513,0.0
H,29,21200514,0.0
H,29,21200515,0.0
H,29,21200516,0.0
H,29,21200517,0.0
H,29,21200518,0.0
H,29,21200519,0.0
H,29,21200520,0.0
H,29,21200521,0.0
H,29,21200522,0.0
H,29,21200523,0.0
H,29,21200524,0.0
H,29,21200525,0.0
H,29,21200526,0.0
H,29,21200527,0.0
H,29,21200528,0.0
H,29,21200529,0.0
H,29,21200530,0.0
H,29,21200531,0.0
H,29,21200601,0.0
H,29,21200602,0.0
H,29,21200603,1.0986122886681098
H,29,21200604,1.6094379124341003
H,29,21200605,2.772588722239781
H,29,21200606,1.791759469228055
H,29,21200607,1.3862943611198906
H,29,21200608,1.791759469228055
H,29,21200609,2.1972245773362196
H,29,21200610,3.044522437723423
H,29,21200611,2.4849066497880004
H,29,21200612,2.833213344056216
H,29,21200613,3.332204510175204
H,29,21200614,3.58351893845611
H,29,21200615,3.4011973816621555
H,29,21200616,3.1780538303479458
H,29,21200617,3.58351893845611
H,29,21200618,3.4011973816621555
H,29,21200619,3.367295829986474
H,29,21200620,3.258096538021482
H,29,21200621,3.7376696182833684
H,29,21200622,3.912023005428146
H,29,21200623,3.970291913552122
H,29,21200624,4.23410650459726
H,29,21200625,4.174387269895637
H,29,21200626,4.127134385045092
H,29,21200627,4.330733340286331
H,29,21200628,4.418840607796598
H,29,21200629,3.8918202981106265
H,30,21200501,0.0
H,30,21200502,0.0
H,30,21200503,0.0
H,30,21200504,0.0
H,30,21200505,0.0
H,30,21200506,0.0
H,30,21200507,0.0
H,30,21200508,0.0
H,30,21200509,0.0
H,30,21200510,0.0
H,30,21200511,0.0
H,30,21200512,0.0
H,30,21200513,0.0
H,30,21200514,0.0
H,30,21200515,0.0
H,30,21200516,0.0
H,30,21200517,0.0
H,30,21200518,0.0
H,30,21200519,0.0
H,30,21200520,0.0
H,30,21200521,0.0
H,30,21200522,0.0
H,30,21200523,0.0
H,30,21200524,0.0
H,30,21200525,0.0
H,30,21200526,0.0
H,30,21200527,0.0
H,30,21200528,0.0
H,30,21200529,0.0
H,30,21200530,0.0
H,30,21200531,0.0
H,30,21200601,0.0
H,30,21200602,1.3862943611198906
H,30,21200603,0.0
H,30,21200604,1.0986122886681098
H,30,21200605,2.4849066497880004
H,30,21200606,2.5649493574615367
H,30,21200607,0.6931471805599453
H,30,21200608,1.0986122886681098
H,30,21200609,1.791759469228055
H,30,21200610,3.258096538021482
H,30,21200611,3.2188758248682006
H,30,21200612,2.995732273553991
H,30,21200613,3.6375861597263857
H,30,21200614,3.970291913552122
H,30,21200615,4.060443010546419
H,30,21200616,4.174387269895637
H,30,21200617,4.1588830833596715
H,30,21200618,4.51085950651685
H,30,21200619,4.634728988229636
H,30,21200620,4.465908118654584
H,30,21200621,4.5217885770490405
H,30,21200622,4.795790545596741
H,30,21200623,4.890349128221754
H,30,21200624,4.584967478670572
H,30,21200625,4.762173934797756
H,30,21200626,4.897839799950911
H,30,21200627,4.68213122712422
H,30,21200628,4.465908118654584
H,30,21200629,4.59511985013459
H,31,21200501,0.0
H,31,21200502,0.0
H,31,21200503,0.0
H,31,21200504,0.0
H,31,21200505,0.0
H,31,21200506,0.0
H,31,21200507,0.0
H,31,21200508,0.0
H,31,21200509,0.0
H,31,21200510,0.0
H,31,21200511,0.0
H,31,21200512,0.0
H,31,21200513,0.0
H,31,21200514,0.0
H,31,21200515,0.0
H,31,21200516,0.0
H,31,21200517,0.0
H,31,21200518,0.0
H,31,21200519,0.0
H,31,21200520,0.0
H,31,21200521,0.0
H,31,21200522,0.0
H,31,21200523,0.0
H,31,21200524,0.0
H,31,21200525,0.0
H,31,21200526,0.0
H,31,21200527,0.0
H,31,21200528,0.0
H,31,21200529,0.0
H,31,21200530,0.0
H,31,21200531,0.0
H,31,21200601,0.0
H,31,21200602,0.0
H,31,21200603,0.0
H,31,21200604,0.0
H,31,21200605,0.0
H,31,21200606,0.0
H,31,21200607,0.0
H,31,21200608,0.0
H,31,21200609,0.0
H,31,21200610,0.0
H,31,21200611,0.0
H,31,21200612,0.0
H,31,21200613,0.0
H,31,21200614,0.0
H,31,21200615,0.0
H,31,21200616,0.0
H,31,21200617,0.0
H,31,21200618,0.0
H,31,21200619,0.0
H,31,21200620,0.0
H,31,21200621,0.0
H,31,21200622,0.0
H,31,21200623,0.0
H,31,21200624,0.0
H,31,21200625,0.0
H,31,21200626,0.0
H,31,21200627,0.0
H,31,21200628,0.0
H,31,21200629,0.0
H,32,21200501,0.0
H,32,21200502,0.0
H,32,21200503,0.0
H,32,21200504,0.0
H,32,21200505,0.0
H,32,21200506,0.0
H,32,21200507,0.0
H,32,21200508,0.0
H,32,21200509,0.0
H,32,21200510,0.0
H,32,21200511,0.0
H,32,21200512,0.0
H,32,21200513,0.0
H,32,21200514,0.0
H,32,21200515,0.0
H,32,21200516,0.0
H,32,21200517,0.0
H,32,21200518,0.0
H,32,21200519,0.0
H,32,21200520,0.0
H,32,21200521,0.0
H,32,21200522,0.0
H,32,21200523,0.0
H,32,21200524,0.0
H,32,21200525,0.0
H,32,21200526,0.0
H,32,21200527,0.0
H,32,21200528,0.0
H,32,21200529,0.0
H,32,21200530,1.0986122886681098
H,32,21200531,2.0794415416798357
H,32,21200601,0.6931471805599453
H,32,21200602,1.9459101490553132
H,32,21200603,2.0794415416798357
H,32,21200604,2.302585092994046
H,32,21200605,3.258096538021482
H,32,21200606,2.3978952727983707
H,32,21200607,2.5649493574615367
H,32,21200608,2.5649493574615367
H,32,21200609,2.995732273553991
H,32,21200610,2.995732273553991
H,32,21200611,2.833213344056216
H,32,21200612,3.6109179126442243
H,32,21200613,3.367295829986474
H,32,21200614,3.332204510175204
H,32,21200615,3.7612001156935624
H,32,21200616,3.9889840465642745
H,32,21200617,4.30406509320417
H,32,21200618,4.07753744390572
H,32,21200619,4.060443010546419
H,32,21200620,3.8501476017100584
H,32,21200621,3.9512437185814275
H,32,21200622,4.465908118654584
H,32,21200623,4.418840607796598
H,32,21200624,4.3694478524670215
H,32,21200625,4.442651256490317
H,32,21200626,4.51085950651685
H,32,21200627,4.382026634673881
H,32,21200628,4.248495242049359
H,32,21200629,4.276666119016055
H,33,21200501,0.0
H,33,21200502,0.0
H,33,21200503,0.0
H,33,21200504,0.0
H,33,21200505,0.0
H,33,21200506,0.0
H,33,21200507,0.0
H,33,21200508,0.0
H,33,21200509,0.0
H,33,21200510,0.0
H,33,21200511,0.0
H,33,21200512,0.0
H,33,21200513,0.0
H,33,21200514,0.0
H,33,21200515,0.0
H,33,21200516,0.0
H,33,21200517,0.0
H,33,21200518,0.0
H,33,21200519,0.0
H,33,21200520,0.0
H,33,21200521,0.0
H,33,21200522,0.0
H,33,21200523,0.0
H,33,21200524,0.0
H,33,21200525,0.0
H,33,21200526,0.0
H,33,21200527,0.0
H,33,21200528,0.0
H,33,21200529,0.6931471805599453
H,33,21200530,0.0
H,33,21200531,0.0
H,33,21200601,0.0
H,33,21200602,1.3862943611198906
H,33,21200603,0.0
H,33,21200604,2.302585092994046
H,33,21200605,1.791759469228055
H,33,21200606,2.1972245773362196
H,33,21200607,2.302585092994046
H,33,21200608,1.6094379124341003
H,33,21200609,1.3862943611198906
H,33,21200610,1.6094379124341003
H,33,21200611,2.5649493574615367
H,33,21200612,2.772588722239781
H,33,21200613,3.1354942159291497
H,33,21200614,3.4657359027997265
H,33,21200615,3.332204510175204
H,33,21200616,3.1354942159291497
H,33,21200617,3.58351893845611
H,33,21200618,3.4011973816621555
H,33,21200619,3.4339872044851463
H,33,21200620,3.1354942159291497
H,33,21200621,3.6109179126442243
H,33,21200622,4.02535169073515
H,33,21200623,3.9318256327243257
H,33,21200624,4.3694478524670215
H,33,21200625,4.418840607796598
H,33,21200626,4.477336814478207
H,33,21200627,3.970291913552122
H,33,21200628,4.143134726391533
H,33,21200629,4.127134385045092
H,34,21200501,0.0
H,34,21200502,0.0
H,34,21200503,0.0
H,34,21200504,0.0
H,34,21200505,0.0
H,34,21200506,0.0
H,34,21200507,0.0
H,34,21200508,0.0
H,34,21200509,0.0
H,34,21200510,0.0
H,34,21200511,0.0
H,34,21200512,0.0
H,34,21200513,0.0
H,34,21200514,0.0
H,34,21200515,0.0
H,34,21200516,0.0
H,34,21200517,0.0
H,34,21200518,0.0
H,34,21200519,0.0
H,34,21200520,0.0
H,34,21200521,0.0
H,34,21200522,0.0
H,34,21200523,0.0
H,34,21200524,0.6931471805599453
H,34,21200525,0.0
H,34,21200526,0.0
H,34,21200527,0.0
H,34,21200528,0.0
H,34,21200529,0.0
H,34,21200530,0.0
H,34,21200531,0.0
H,34,21200601,0.0
H,34,21200602,0.0
H,34,21200603,0.0
H,34,21200604,0.0
H,34,21200605,0.0
H,34,21200606,1.3862943611198906
H,34,21200607,1.0986122886681098
H,34,21200608,0.0
H,34,21200609,0.0
H,34,21200610,0.0
H,34,21200611,0.0
H,34,21200612,0.0
H,34,21200613,0.0
H,34,21200614,1.6094379124341003
H,34,21200615,1.0986122886681098
H,34,21200616,0.0
H,34,21200617,1.0986122886681098
H,34,21200618,0.0
H,34,21200619,0.0
H,34,21200620,0.0
H,34,21200621,0.0
H,34,21200622,0.0
H,34,21200623,0.0
H,34,21200624,0.0
H,34,21200625,0.0
H,34,21200626,0.0
H,34,21200627,0.0
H,34,21200628,0.0
H,34,21200629,0.6931471805599453
H,35,21200501,0.0
H,35,21200502,0.0
H,35,21200503,0.0
H,35,21200504,0.0
H,35,21200505,0.0
H,35,21200506,0.0
H,35,21200507,0.0
H,35,21200508,0.0
H,35,21200509,0.0
H,35,21200510,0.0
H,35,21200511,0.0
H,35,21200512,0.0
H,35,21200513,0.0
H,35,21200514,0.0
H,35,21200515,0.0
H,35,21200516,0.0
H,35,21200517,0.0
H,35,21200518,0.0
H,35,21200519,0.0
H,35,21200520,0.0
H,35,21200521,0.0
H,35,21200522,0.0
H,35,21200523,0.0
H,35,21200524,0.0
H,35,21200525,0.0
H,35,21200526,0.0
H,35,21200527,0.0
H,35,21200528,0.0
H,35,21200529,0.0
H,35,21200530,0.0
H,35,21200531,0.6931471805599453
H,35,21200601,0.6931471805599453
H,35,21200602,2.302585092994046
H,35,21200603,1.6094379124341003
H,35,21200604,1.6094379124341003
H,35,21200605,1.3862943611198906
H,35,21200606,2.3978952727983707
H,35,21200607,2.3978952727983707
H,35,21200608,1.9459101490553132
H,35,21200609,2.772588722239781
H,35,21200610,2.70805020110221
H,35,21200611,2.3978952727983707
H,35,21200612,2.4849066497880004
H,35,21200613,2.8903717578961645
H,35,21200614,3.044522437723423
H,35,21200615,3.5553480614894135
H,35,21200616,3.871201010907891
H,35,21200617,3.5553480614894135
H,35,21200618,3.6375861597263857
H,35,21200619,3.9318256327243257
H,35,21200620,3.7376696182833684
H,35,21200621,4.30406509320417
H,35,21200622,4.189654742026425
H,35,21200623,4.248495242049359
H,35,21200624,4.343805421853684
H,35,21200625,4.343805421853684
H,35,21200626,4.356708826689592
H,35,21200627,4.219507705176107
H,35,21200628,3.970291913552122
H,35,21200629,4.174387269895637
H,36,21200501,0.0
H,36,21200502,0.0
H,36,21200503,0.0
H,36,21200504,0.0
H,36,21200505,0.0
H,36,21200506,0.0
H,36,21200507,0.0
H,36,21200508,0.0
H,36,21200509,0.0
H,36,21200510,0.0
H,36,21200511,0.0
H,36,21200512,0.0
H,36,21200513,0.0
H,36,21200514,0.0
H,36,21200515,0.0
H,36,21200516,0.0
H,36,21200517,0.0
H,36,21200518,0.0
H,36,21200519,0.0
H,36,21200520,0.0
H,36,21200521,0.0
H,36,21200522,0.0
H,36,21200523,0.0
H,36,21200524,0.0
H,36,21200525,0.0
H,36,21200526,0.0
H,36,21200527,0.0
H,36,21200528,0.0
H,36,21200529,0.0
H,36,21200530,0.0
H,36,21200531,0.0
H,36,21200601,0.0
H,36,21200602,1.791759469228055
H,36,21200603,1.791759469228055
H,36,21200604,2.1972245773362196
H,36,21200605,1.0986122886681098
H,36,21200606,2.4849066497880004
H,36,21200607,2.4849066497880004
H,36,21200608,1.791759469228055
H,36,21200609,2.0794415416798357
H,36,21200610,1.9459101490553132
H,36,21200611,2.9444389791664403
H,36,21200612,3.2188758248682006
H,36,21200613,2.4849066497880004
H,36,21200614,2.772588722239781
H,36,21200615,3.091042453358316
H,36,21200616,3.295836866004329
H,36,21200617,3.871201010907891
H,36,21200618,3.871201010907891
H,36,21200619,3.6375861597263857
H,36,21200620,3.871201010907891
H,36,21200621,3.828641396489095
H,36,21200622,3.7376696182833684
H,36,21200623,4.127134385045092
H,36,21200624,4.174387269895637
H,36,21200625,4.248495242049359
H,36,21200626,4.31748811353631
H,36,21200627,3.871201010907891
H,36,21200628,3.828641396489095
H,36,21200629,3.713572066704308
H,37,21200501,0.0
H,37,21200502,0.0
H,37,21200503,0.0
H,37,21200504,0.0
H,37,21200505,0.0
H,37,21200506,0.0
H,37,21200507,0.0
H,37,21200508,0.0
H,37,21200509,0.0
H,37,21200510,0.0
H,37,21200511,0.0
H,37,21200512,0.0
H,37,21200513,0.0
H,37,21200514,0.0
H,37,21200515,0.0
H,37,21200516,0.0
H,37,21200517,0.0
H,37,21200518,0.0
H,37,21200519,0.0
H,37,21200520,0.0
H,37,21200521,0.0
H,37,21200522,0.0
H,37,21200523,0.0
H,37,21200524,0.0
H,37,21200525,0.0
H,37,21200526,0.0
H,37,21200527,0.0
H,37,21200528,0.0
H,37,21200529,0.0
H,37,21200530,0.0
H,37,21200531,2.0794415416798357
H,37,21200601,1.3862943611198906
H,37,21200602,3.1780538303479458
H,37,21200603,2.833213344056216
H,37,21200604,2.772588722239781
H,37,21200605,2.772588722239781
H,37,21200606,2.5649493574615367
H,37,21200607,2.1972245773362196
H,37,21200608,3.044522437723423
H,37,21200609,2.302585092994046
H,37,21200610,2.3978952727983707
H,37,21200611,3.4965075614664802
H,37,21200612,3.8066624897703196
H,37,21200613,4.060443010546419
H,37,21200614,3.871201010907891
H,37,21200615,4.007333185232471
H,37,21200616,4.174387269895637
H,37,21200617,4.276666119016055
H,37,21200618,4.605170185988092
H,37,21200619,4.477336814478207
H,37,21200620,4.418840607796598
H,37,21200621,4.430816798843313
H,37,21200622,4.897839799950911
H,37,21200623,4.852030263919617
H,37,21200624,4.997212273764115
H,37,21200625,4.969813299576001
H,37,21200626,4.955827057601261
H,37,21200627,4.912654885736052
H,37,21200628,4.852030263919617
H,37,21200629,5.017279836814924
H,38,21200501,0.0
H,38,21200502,0.0
H,38,21200503,0.0
H,38,21200504,0.0
H,38,21200505,0.0
H,38,21200506,0.0
H,38,21200507,0.0
H,38,21200508,0.0
H,38,21200509,0.0
H,38,21200510,0.0
H,38,21200511,0.0
H,38,21200512,0.0
H,38,21200513,0.0
H,38,21200514,0.0
H,38,21200515,0.0
H,38,21200516,0.0
H,38,21200517,0.0
H,38,21200518,0.0
H,38,21200519,0.0
H,38,21200520,0.0
H,38,21200521,0.0
H,38,21200522,0.0
H,38,21200523,0.0
H,38,21200524,0.0
H,38,21200525,0.0
H,38,21200526,1.0986122886681098
H,38,21200527,1.791759469228055
H,38,21200528,2.302585092994046
H,38,21200529,1.0986122886681098
H,38,21200530,3.4339872044851463
H,38,21200531,3.4339872044851463
H,38,21200601,3.8066624897703196
H,38,21200602,4.127134385045092
H,38,21200603,4.727387818712341
H,38,21200604,4.77912349311153
H,38,21200605,4.8283137373023015
H,38,21200606,4.653960350157523
H,38,21200607,5.0238805208462765
H,38,21200608,5.153291594497779
H,38,21200609,5.187385805840755
H,38,21200610,5.575949103146316
H,38,21200611,5.717027701406222
H,38,21200612,5.910796644040527
H,38,21200613,6.210600077024653
H,38,21200614,6.270988431858299
H,38,21200615,6.481577129276431
H,38,21200616,6.698268054115413
H,38,21200617,6.775366090936392
H,38,21200618,6.773080375655535
H,38,21200619,6.828712071641684
H,38,21200620,6.594413459749778
H,38,21200621,6.7226297948554485
H,38,21200622,6.904750769961838
H,38,21200623,6.97914527506881
H,38,21200624,6.994849985833071
H,38,21200625,6.984716320118266
H,38,21200626,6.975413927455952
H,38,21200627,6.610696044717759
H,38,21200628,6.668228248417403
H,38,21200629,6.762729506931879
H,39,21200501,0.0
H,39,21200502,0.0
H,39,21200503,0.0
H,39,21200504,0.0
H,39,21200505,0.0
H,39,21200506,0.0
H,39,21200507,0.0
H,39,21200508,0.0
H,39,21200509,0.0
H,39,21200510,0.0
H,39,21200511,0.0
H,39,21200512,0.0
H,39,21200513,0.0
H,39,21200514,0.0
H,39,21200515,0.0
H,39,21200516,0.0
H,39,21200517,0.0
H,39,21200518,0.0
H,39,21200519,0.0
H,39,21200520,0.0
H,39,21200521,0.0
H,39,21200522,0.0
H,39,21200523,0.0
H,39,21200524,0.0
H,39,21200525,0.0
H,39,21200526,3.5553480614894135
H,39,21200527,1.791759469228055
H,39,21200528,2.4849066497880004
H,39,21200529,3.7376696182833684
H,39,21200530,4.564348191467836
H,39,21200531,5.3706380281276624
H,39,21200601,5.831882477283517
H,39,21200602,6.240275845170769
H,39,21200603,6.46302945692067
H,39,21200604,6.601230118728877
H,39,21200605,5.762051382780177
H,39,21200606,5.19295685089021
H,39,21200607,5.583496308781699
H,39,21200608,5.54907608489522
H,39,21200609,5.634789603169249
H,39,21200610,5.53338948872752
H,39,21200611,5.929589143389895
H,39,21200612,6.0473721790462776
H,39,21200613,6.184148890937483
H,39,21200614,6.293419278846481
H,39,21200615,6.369900982828227
H,39,21200616,6.455198563340122
H,39,21200617,6.4967749901858625
H,39,21200618,6.349138991379798
H,39,21200619,6.466144724237619
H,39,21200620,6.29156913955832
H,39,21200621,6.20050917404269
H,39,21200622,6.415096959171596
H,39,21200623,6.3561076606958915
H,39,21200624,6.455198563340122
H,39,21200625,6.440946540632921
H,39,21200626,6.424869023905388
H,39,21200627,6.2166061010848646
H,39,21200628,6.030685260261263
H,39,21200629,6.159095388491933
H,40,21200501,0.0
H,40,21200502,0.0
H,40,21200503,0.0
H,40,21200504,0.0
H,40,21200505,0.0
H,40,21200506,0.0
H,40,21200507,0.0
H,40,21200508,0.0
H,40,21200509,0.0
H,40,21200510,0.0
H,40,21200511,0.0
H,40,21200512,0.0
H,40,21200513,0.0
H,40,21200514,0.0
H,40,21200515,0.0
H,40,21200516,0.0
H,40,21200517,0.0
H,40,21200518,0.0
H,40,21200519,0.0
H,40,21200520,0.0
H,40,21200521,0.0
H,40,21200522,0.0
H,40,21200523,0.0
H,40,21200524,0.0
H,40,21200525,0.0
H,40,21200526,0.0
H,40,21200527,0.0
H,40,21200528,0.6931471805599453
H,40,21200529,0.0
H,40,21200530,0.0
H,40,21200531,0.0
H,40,21200601,0.0
H,40,21200602,0.0
H,40,21200603,0.0
H,40,21200604,2.1972245773362196
H,40,21200605,1.6094379124341003
H,40,21200606,2.1972245773362196
H,40,21200607,2.3978952727983707
H,40,21200608,2.4849066497880004
H,40,21200609,1.791759469228055
H,40,21200610,2.995732273553991
H,40,21200611,2.70805020110221
H,40,21200612,2.3978952727983707
H,40,21200613,3.4657359027997265
H,40,21200614,3.1780538303479458
H,40,21200615,3.6635616461296463
H,40,21200616,4.04305126783455
H,40,21200617,4.23410650459726
H,40,21200618,3.8918202981106265
H,40,21200619,4.110873864173311
H,40,21200620,3.871201010907891
H,40,21200621,4.248495242049359
H,40,21200622,4.04305126783455
H,40,21200623,4.143134726391533
H,40,21200624,4.343805421853684
H,40,21200625,4.343805421853684
H,40,21200626,4.343805421853684
H,40,21200627,4.04305126783455
H,40,21200628,3.9512437185814275
H,40,21200629,3.970291913552122
H,41,21200501,0.0
H,41,21200502,0.0
H,41,21200503,0.0
H,41,21200504,0.0
H,41,21200505,0.0
H,41,21200506,0.0
H,41,21200507,0.0
H,41,21200508,0.0
H,41,21200509,0.0
H,41,21200510,0.0
H,41,21200511,0.0
H,41,21200512,0.0
H,41,21200513,0.0
H,41,21200514,0.0
H,41,21200515,0.0
H,41,21200516,0.0
H,41,21200517,0.0
H,41,21200518,0.0
H,41,21200519,0.0
H,41,21200520,0.0
H,41,21200521,0.0
H,41,21200522,0.0
H,41,21200523,0.0
H,41,21200524,0.0
H,41,21200525,0.0
H,41,21200526,0.0
H,41,21200527,0.0
H,41,21200528,0.0
H,41,21200529,0.0
H,41,21200530,0.6931471805599453
H,41,21200531,0.0
H,41,21200601,1.3862943611198906
H,41,21200602,1.3862943611198906
H,41,21200603,1.6094379124341003
H,41,21200604,2.6390573296152584
H,41,21200605,1.6094379124341003
H,41,21200606,2.772588722239781
H,41,21200607,2.3978952727983707
H,41,21200608,3.1354942159291497
H,41,21200609,2.772588722239781
H,41,21200610,2.3978952727983707
H,41,21200611,3.044522437723423
H,41,21200612,2.8903717578961645
H,41,21200613,3.044522437723423
H,41,21200614,3.6888794541139363
H,41,21200615,3.6888794541139363
H,41,21200616,3.7376696182833684
H,41,21200617,3.4657359027997265
H,41,21200618,3.6888794541139363
H,41,21200619,3.7612001156935624
H,41,21200620,3.7376696182833684
H,41,21200621,3.8918202981106265
H,41,21200622,3.8066624897703196
H,41,21200623,4.219507705176107
H,41,21200624,3.784189633918261
H,41,21200625,3.6635616461296463
H,41,21200626,3.4965075614664802
H,41,21200627,3.713572066704308
H,41,21200628,3.5263605246161616
H,41,21200629,3.970291913552122
H,42,21200501,0.0
H,42,21200502,0.0
H,42,21200503,0.0
H,42,21200504,0.0
H,42,21200505,0.0
H,42,21200506,0.0
H,42,21200507,0.0
H,42,21200508,0.0
H,42,21200509,0.0
H,42,21200510,0.0
H,42,21200511,0.0
H,42,21200512,0.0
H,42,21200513,0.0
H,42,21200514,0.0
H,42,21200515,0.0
H,42,21200516,0.0
H,42,21200517,0.0
H,42,21200518,0.0
H,42,21200519,0.0
H,42,21200520,0.0
H,42,21200521,0.0
H,42,21200522,0.0
H,42,21200523,0.0
H,42,21200524,0.0
H,42,21200525,0.0
H,42,21200526,0.6931471805599453
H,42,21200527,1.3862943611198906
H,42,21200528,0.0
H,42,21200529,0.0
H,42,21200530,2.0794415416798357
H,42,21200531,0.6931471805599453
H,42,21200601,1.3862943611198906
H,42,21200602,2.3978952727983707
H,42,21200603,2.3978952727983707
H,42,21200604,4.356708826689592
H,42,21200605,4.290459441148391
H,42,21200606,2.1972245773362196
H,42,21200607,2.70805020110221
H,42,21200608,3.258096538021482
H,42,21200609,3.367295829986474
H,42,21200610,3.6375861597263857
H,42,21200611,3.7612001156935624
H,42,21200612,3.912023005428146
H,42,21200613,3.8918202981106265
H,42,21200614,4.02535169073515
H,42,21200615,3.912023005428146
H,42,21200616,3.8066624897703196
H,42,21200617,3.9318256327243257
H,42,21200618,4.23410650459726
H,42,21200619,3.9889840465642745
H,42,21200620,4.189654742026425
H,42,21200621,4.276666119016055
H,42,21200622,4.189654742026425
H,42,21200623,4.04305126783455
H,42,21200624,4.30406509320417
H,42,21200625,4.330733340286331
H,42,21200626,4.3694478524670215
H,42,21200627,4.110873864173311
H,42,21200628,3.912023005428146
H,42,21200629,3.784189633918261
H,43,21200501,0.0
H,43,21200502,0.0
H,43,21200503,0.0
H,43,21200504,0.0
H,43,21200505,0.0
H,43,21200506,0.0
H,43,21200507,0.0
H,43,21200508,0.0
H,43,21200509,0.0
H,43,21200510,0.0
H,43,21200511,0.0
H,43,21200512,0.0
H,43,21200513,0.0
H,43,21200514,0.0
H,43,21200515,0.0
H,43,21200516,0.0
H,43,21200517,0.0
H,43,21200518,0.0
H,43,21200519,0.0
H,43,21200520,0.0
H,43,21200521,0.0
H,43,21200522,0.0
H,43,21200523,0.0
H,43,21200524,0.0
H,43,21200525,0.0
H,43,21200526,0.0
H,43,21200527,0.0
H,43,21200528,0.0
H,43,21200529,0.6931471805599453
H,43,21200530,0.6931471805599453
H,43,21200531,1.0986122886681098
H,43,21200601,1.6094379124341003
H,43,21200602,1.6094379124341003
H,43,21200603,2.3978952727983707
H,43,21200604,1.9459101490553132
H,43,21200605,2.772588722239781
H,43,21200606,2.772588722239781
H,43,21200607,3.1780538303479458
H,43,21200608,3.332204510175204
H,43,21200609,3.1354942159291497
H,43,21200610,3.9318256327243257
H,43,21200611,4.204692619390966
H,43,21200612,4.0943445622221
H,43,21200613,4.02535169073515
H,43,21200614,4.477336814478207
H,43,21200615,4.624972813284271
H,43,21200616,4.718498871295094
H,43,21200617,4.948759890378168
H,43,21200618,4.6443908991413725
H,43,21200619,4.962844630259907
H,43,21200620,4.812184355372417
H,43,21200621,4.955827057601261
H,43,21200622,5.117993812416755
H,43,21200623,5.003946305945459
H,43,21200624,5.198497031265826
H,43,21200625,5.187385805840755
H,43,21200626,5.176149732573829
H,43,21200627,4.718498871295094
H,43,21200628,4.624972813284271
H,43,21200629,4.727387818712341
H,44,21200501,0.0
H,44,21200502,0.0
H,44,21200503,0.0
H,44,21200504,0.0
H,44,21200505,0.0
H,44,21200506,0.0
H,44,21200507,0.0
H,44,21200508,0.0
H,44,21200509,0.0
H,44,21200510,0.0
H,44,21200511,0.0
H,44,21200512,0.0
H,44,21200513,0.0
H,44,21200514,0.0
H,44,21200515,0.0
H,44,21200516,0.0
H,44,21200517,0.0
H,44,21200518,0.0
H,44,21200519,0.0
H,44,21200520,0.0
H,44,21200521,0.0
H,44,21200522,0.0
H,44,21200523,0.0
H,44,21200524,0.0
H,44,21200525,0.0
H,44,21200526,0.0
H,44,21200527,0.0
H,44,21200528,1.0986122886681098
H,44,21200529,0.6931471805599453
H,44,21200530,0.6931471805599453
H,44,21200531,0.6931471805599453
H,44,21200601,2.3978952727983707
H,44,21200602,3.295836866004329
H,44,21200603,3.4011973816621555
H,44,21200604,2.772588722239781
H,44,21200605,2.70805020110221
H,44,21200606,2.0794415416798357
H,44,21200607,3.332204510175204
H,44,21200608,3.58351893845611
H,44,21200609,2.9444389791664403
H,44,21200610,2.8903717578961645
H,44,21200611,4.1588830833596715
H,44,21200612,3.970291913552122
H,44,21200613,4.356708826689592
H,44,21200614,4.584967478670572
H,44,21200615,4.574710978503383
H,44,21200616,4.574710978503383
H,44,21200617,4.709530201312334
H,44,21200618,4.77912349311153
H,44,21200619,5.030437921392435
H,44,21200620,4.962844630259907
H,44,21200621,4.955827057601261
H,44,21200622,5.342334251964811
H,44,21200623,5.442417710521793
H,44,21200624,5.583496308781699
H,44,21200625,5.627621113690637
H,44,21200626,5.6937321388027
H,44,21200627,5.3981627015177525
H,44,21200628,5.3230099791384085
H,44,21200629,5.365976015021851
H,45,21200501,0.0
H,45,21200502,0.0
H,45,21200503,0.0
H,45,21200504,0.0
H,45,21200505,0.0
H,45,21200506,0.0
H,45,21200507,0.0
H,45,21200508,0.0
H,45,21200509,0.0
H,45,21200510,0.0
H,45,21200511,0.0
H,45,21200512,0.0
H,45,21200513,0.0
H,45,21200514,0.0
H,45,21200515,0.0
H,45,21200516,0.0
H,45,21200517,0.0
H,45,21200518,0.0
H,45,21200519,0.0
H,45,21200520,0.0
H,45,21200521,0.0
H,45,21200522,0.0
H,45,21200523,0.0
H,45,21200524,0.0
H,45,21200525,0.0
H,45,21200526,0.0
H,45,21200527,0.0
H,45,21200528,0.0
H,45,21200529,0.0
H,45,21200530,0.0
H,45,21200531,0.0
H,45,21200601,0.0
H,45,21200602,1.0986122886681098
H,45,21200603,2.3978952727983707
H,45,21200604,2.0794415416798357
H,45,21200605,2.3978952727983707
H,45,21200606,2.3978952727983707
H,45,21200607,2.4849066497880004
H,45,21200608,1.791759469228055
H,45,21200609,2.772588722239781
H,45,21200610,2.3978952727983707
H,45,21200611,2.772588722239781
H,45,21200612,3.1354942159291497
H,45,21200613,3.044522437723423
H,45,21200614,3.332204510175204
H,45,21200615,3.6375861597263857
H,45,21200616,3.871201010907891
H,45,21200617,4.0943445622221
H,45,21200618,4.174387269895637
H,45,21200619,4.189654742026425
H,45,21200620,4.248495242049359
H,45,21200621,4.23410650459726
H,45,21200622,4.465908118654584
H,45,21200623,4.356708826689592
H,45,21200624,4.653960350157523
H,45,21200625,4.709530201312334
H,45,21200626,4.77912349311153
H,45,21200627,4.532599493153256
H,45,21200628,4.653960350157523
H,45,21200629,4.605170185988092
H,46,21200501,0.0
H,46,21200502,0.0
H,46,21200503,0.0
H,46,21200504,0.0
H,46,21200505,0.0
H,46,21200506,0.0
H,46,21200507,0.0
H,46,21200508,0.0
H,46,21200509,0.0
H,46,21200510,0.0
H,46,21200511,0.0
H,46,21200512,0.0
H,46,21200513,0.0
H,46,21200514,0.0
H,46,21200515,0.0
H,46,21200516,0.0
H,46,21200517,0.0
H,46,21200518,0.0
H,46,21200519,0.0
H,46,21200520,0.0
H,46,21200521,0.0
H,46,21200522,0.0
H,46,21200523,0.0
H,46,21200524,0.0
H,46,21200525,0.0
H,46,21200526,0.0
H,46,21200527,0.0
H,46,21200528,0.0
H,46,21200529,0.0
H,46,21200530,0.0
H,46,21200531,0.0
H,46,21200601,0.0
H,46,21200602,1.6094379124341003
H,46,21200603,1.791759469228055
H,46,21200604,0.0
H,46,21200605,2.6390573296152584
H,46,21200606,2.833213344056216
H,46,21200607,2.0794415416798357
H,46,21200608,0.6931471805599453
H,46,21200609,2.302585092994046
H,46,21200610,2.5649493574615367
H,46,21200611,2.833213344056216
H,46,21200612,3.58351893845611
H,46,21200613,3.5553480614894135
H,46,21200614,3.4011973816621555
H,46,21200615,3.6635616461296463
H,46,21200616,3.970291913552122
H,46,21200617,4.143134726391533
H,46,21200618,4.454347296253507
H,46,21200619,4.204692619390966
H,46,21200620,4.5217885770490405
H,46,21200621,4.23410650459726
H,46,21200622,4.672828834461906
H,46,21200623,4.955827057601261
H,46,21200624,4.969813299576001
H,46,21200625,4.990432586778736
H,46,21200626,5.017279836814924
H,46,21200627,4.919980925828125
H,46,21200628,4.51085950651685
H,46,21200629,4.672828834461906
H,47,21200501,0.0
H,47,21200502,0.0
H,47,21200503,0.0
H,47,21200504,0.0
H,47,21200505,0.0
H,47,21200506,0.0
H,47,21200507,0.0
H,47,21200508,0.0
H,47,21200509,0.0
H,47,21200510,0.0
H,47,21200511,0.0
H,47,21200512,0.0
H,47,21200513,0.0
H,47,21200514,0.0
H,47,21200515,0.0
H,47,21200516,0.0
H,47,21200517,0.0
H,47,21200518,0.0
H,47,21200519,0.0
H,47,21200520,0.0
H,47,21200521,0.0
H,47,21200522,0.0
H,47,21200523,0.0
H,47,21200524,0.0
H,47,21200525,0.0
H,47,21200526,2.6390573296152584
H,47,21200527,1.791759469228055
H,47,21200528,2.1972245773362196
H,47,21200529,2.772588722239781
H,47,21200530,3.4657359027997265
H,47,21200531,3.6635616461296463
H,47,21200601,3.784189633918261
H,47,21200602,4.61512051684126
H,47,21200603,4.859812404361672
H,47,21200604,5.429345628954441
H,47,21200605,4.7535901911063645
H,47,21200606,4.969813299576001
H,47,21200607,5.3230099791384085
H,47,21200608,5.4680601411351315
H,47,21200609,5.579729825986222
H,47,21200610,5.950642552587727
H,47,21200611,6.1092475827643655
H,47,21200612,6.385194398997726
H,47,21200613,6.46302945692067
H,47,21200614,6.6895992691789665
H,47,21200615,6.79794041297493
H,47,21200616,6.925595197110468
H,47,21200617,6.946013991099227
H,47,21200618,6.8966943316227125
H,47,21200619,6.822197390620491
H,47,21200620,6.7226297948554485
H,47,21200621,6.792344427470809
H,47,21200622,6.93537044601511
H,47,21200623,6.803505257608338
H,47,21200624,6.899723107284872
H,47,21200625,6.894670039433482
H,47,21200626,6.891625897052253
H,47,21200627,6.586171654854675
H,47,21200628,6.421622267806518
H,47,21200629,6.55250788703459
H,48,21200501,0.0
H,48,21200502,0.0
H,48,21200503,0.0
H,48,21200504,0.0
H,48,21200505,0.0
H,48,21200506,0.0
H,48,21200507,0.0
H,48,21200508,0.0
H,48,21200509,0.0
H,48,21200510,0.0
H,48,21200511,0.0
H,48,21200512,0.0
H,48,21200513,0.0
H,48,21200514,0.0
H,48,21200515,0.0
H,48,21200516,0.0
H,48,21200517,0.0
H,48,21200518,0.0
H,48,21200519,0.0
H,48,21200520,0.0
H,48,21200521,0.0
H,48,21200522,0.0
H,48,21200523,0.0
H,48,21200524,0.0
H,48,21200525,0.0
H,48,21200526,0.6931471805599453
H,48,21200527,0.0
H,48,21200528,1.3862943611198906
H,48,21200529,1.3862943611198906
H,48,21200530,1.791759469228055
H,48,21200531,2.70805020110221
H,48,21200601,3.58351893845611
H,48,21200602,3.912023005428146
H,48,21200603,4.672828834461906
H,48,21200604,5.247024072160486
H,48,21200605,4.955827057601261
H,48,21200606,4.700480365792417
H,48,21200607,4.997212273764115
H,48,21200608,5.627621113690637
H,48,21200609,5.82600010738045
H,48,21200610,6.144185634125646
H,48,21200611,6.366470447731438
H,48,21200612,6.470799503782602
H,48,21200613,6.8308742346461795
H,48,21200614,7.00033446027523
H,48,21200615,7.035268599281097
H,48,21200616,7.067319848653476
H,48,21200617,7.1693500166706
H,48,21200618,6.9975959829819265
H,48,21200619,7.027314514039777
H,48,21200620,6.9584483932976555
H,48,21200621,7.05444965813294
H,48,21200622,7.010311867307229
H,48,21200623,6.7912214627261855
H,48,21200624,6.907755278982137
H,48,21200625,6.894670039433482
H,48,21200626,6.882437470997847
H,48,21200627,6.639875833826536
H,48,21200628,6.536691597591305
H,48,21200629,6.637258031284457
H,49,21200501,0.0
H,49,21200502,0.0
H,49,21200503,0.0
H,49,21200504,0.0
H,49,21200505,0.0
H,49,21200506,0.0
H,49,21200507,0.0
H,49,21200508,0.0
H,49,21200509,0.0
H,49,21200510,0.0
H,49,21200511,0.0
H,49,21200512,0.0
H,49,21200513,0.0
H,49,21200514,0.0
H,49,21200515,0.0
H,49,21200516,0.0
H,49,21200517,0.0
H,49,21200518,0.0
H,49,21200519,0.0
H,49,21200520,0.0
H,49,21200521,0.0
H,49,21200522,0.0
H,49,21200523,0.0
H,49,21200524,0.6931471805599453
H,49,21200525,0.0
H,49,21200526,0.0
H,49,21200527,1.0986122886681098
H,49,21200528,2.772588722239781
H,49,21200529,2.9444389791664403
H,49,21200530,3.1780538303479458
H,49,21200531,3.713572066704308
H,49,21200601,4.110873864173311
H,49,21200602,5.093750200806762
H,49,21200603,5.159055299214529
H,49,21200604,5.529429087511423
H,49,21200605,5.278114659230517
H,49,21200606,5.0106352940962555
H,49,21200607,5.2574953720277815
H,49,21200608,5.733341276897746
H,49,21200609,5.771441123130016
H,49,21200610,6.030685260261263
H,49,21200611,6.284134161070802
H,49,21200612,6.45833828334479
H,49,21200613,6.484635235635252
H,49,21200614,6.62273632394984
H,49,21200615,6.897704943128636
H,49,21200616,7.164720378771857
H,49,21200617,7.151485463904735
H,49,21200618,7.066466970136958
H,49,21200619,7.075808863978387
H,49,21200620,6.925595197110468
H,49,21200621,7.001245622069476
H,49,21200622,7.198183577101943
H,49,21200623,7.182352111885263
H,49,21200624,7.176254532017144
H,49,21200625,7.198183577101943
H,49,21200626,7.213031659834869
H,49,21200627,6.93828448401696
H,49,21200628,6.771935555839602
H,49,21200629,6.906754778648554
H,50,21200501,0.0
H,50,21200502,0.0
H,50,21200503,0.0
H,50,21200504,0.0
H,50,21200505,0.0
H,50,21200506,0.0
H,50,21200507,0.0
H,50,21200508,0.0
H,50,21200509,0.0
H,50,21200510,0.0
H,50,21200511,0.0
H,50,21200512,0.0
H,50,21200513,0.0
H,50,21200514,0.0
H,50,21200515,0.0
H,50,21200516,0.0
H,50,21200517,0.0
H,50,21200518,0.0
H,50,21200519,0.0
H,50,21200520,0.0
H,50,21200521,0.0
H,50,21200522,0.0
H,50,21200523,0.0
H,50,21200524,0.0
H,50,21200525,0.0
H,50,21200526,0.0
H,50,21200527,0.0
H,50,21200528,0.0
H,50,21200529,0.0
H,50,21200530,0.0
H,50,21200531,1.3862943611198906
H,50,21200601,1.0986122886681098
H,50,21200602,2.0794415416798357
H,50,21200603,1.3862943611198906
H,50,21200604,0.6931471805599453
H,50,21200605,1.9459101490553132
H,50,21200606,2.1972245773362196
H,50,21200607,2.0794415416798357
H,50,21200608,2.5649493574615367
H,50,21200609,2.302585092994046
H,50,21200610,1.9459101490553132
H,50,21200611,2.4849066497880004
H,50,21200612,2.70805020110221
H,50,21200613,2.995732273553991
H,50,21200614,3.6109179126442243
H,50,21200615,3.5553480614894135
H,50,21200616,3.5553480614894135
H,50,21200617,3.9889840465642745
H,50,21200618,3.828641396489095
H,50,21200619,3.6888794541139363
H,50,21200620,3.784189633918261
H,50,21200621,4.219507705176107
H,50,21200622,4.30406509320417
H,50,21200623,4.605170185988092
H,50,21200624,4.634728988229636
H,50,21200625,4.634728988229636
H,50,21200626,4.634728988229636
H,50,21200627,4.5217885770490405
H,50,21200628,4.5217885770490405
H,50,21200629,4.605170185988092
H,51,21200501,0.0
H,51,21200502,0.0
H,51,21200503,0.0
H,51,21200504,0.0
H,51,21200505,0.0
H,51,21200506,0.0
H,51,21200507,0.0
H,51,21200508,0.0
H,51,21200509,0.0
H,51,21200510,0.0
H,51,21200511,0.0
H,51,21200512,0.0
H,51,21200513,0.0
H,51,21200514,0.0
H,51,21200515,0.0
H,51,21200516,0.0
H,51,21200517,0.0
H,51,21200518,0.0
H,51,21200519,0.0
H,51,21200520,0.0
H,51,21200521,0.0
H,51,21200522,0.0
H,51,21200523,0.0
H,51,21200524,0.0
H,51,21200525,0.0
H,51,21200526,0.0
H,51,21200527,0.0
H,51,21200528,0.0
H,51,21200529,0.0
H,51,21200530,0.0
H,51,21200531,0.0
H,51,21200601,0.0
H,51,21200602,1.791759469228055
H,51,21200603,2.8903717578961645
H,51,21200604,2.0794415416798357
H,51,21200605,2.4849066497880004
H,51,21200606,1.0986122886681098
H,51,21200607,2.302585092994046
H,51,21200608,2.9444389791664403
H,51,21200609,1.6094379124341003
H,51,21200610,2.4849066497880004
H,51,21200611,3.367295829986474
H,51,21200612,3.4965075614664802
H,51,21200613,3.5263605246161616
H,51,21200614,3.784189633918261
H,51,21200615,3.828641396489095
H,51,21200616,3.8918202981106265
H,51,21200617,3.295836866004329
H,51,21200618,3.8066624897703196
H,51,21200619,4.007333185232471
H,51,21200620,4.007333185232471
H,51,21200621,4.23410650459726
H,51,21200622,4.31748811353631
H,51,21200623,4.2626798770413155
H,51,21200624,4.564348191467836
H,51,21200625,4.605170185988092
H,51,21200626,4.6443908991413725
H,51,21200627,4.0943445622221
H,51,21200628,4.48863636973214
H,51,21200629,4.343805421853684
H,52,21200501,0.0
H,52,21200502,0.0
H,52,21200503,0.0
H,52,21200504,0.0
H,52,21200505,0.0
H,52,21200506,0.0
H,52,21200507,0.0
H,52,21200508,0.0
H,52,21200509,0.0
H,52,21200510,0.0
H,52,21200511,0.0
H,52,21200512,0.0
H,52,21200513,0.0
H,52,21200514,0.0
H,52,21200515,0.0
H,52,21200516,0.0
H,52,21200517,0.0
H,52,21200518,0.0
H,52,21200519,0.0
H,52,21200520,0.0
H,52,21200521,0.0
H,52,21200522,0.0
H,52,21200523,0.0
H,52,21200524,0.0
H,52,21200525,0.0
H,52,21200526,0.0
H,52,21200527,0.0
H,52,21200528,0.0
H,52,21200529,0.0
H,52,21200530,0.0
H,52,21200531,1.3862943611198906
H,52,21200601,0.0
H,52,21200602,0.0
H,52,21200603,1.3862943611198906
H,52,21200604,2.5649493574615367
H,52,21200605,2.772588722239781
H,52,21200606,2.0794415416798357
H,52,21200607,2.3978952727983707
H,52,21200608,1.6094379124341003
H,52,21200609,1.6094379124341003
H,52,21200610,2.5649493574615367
H,52,21200611,3.258096538021482
H,52,21200612,3.5553480614894135
H,52,21200613,2.6390573296152584
H,52,21200614,2.8903717578961645
H,52,21200615,3.258096538021482
H,52,21200616,3.6109179126442243
H,52,21200617,3.6635616461296463
H,52,21200618,3.4965075614664802
H,52,21200619,3.784189633918261
H,52,21200620,3.6375861597263857
H,52,21200621,3.6375861597263857
H,52,21200622,3.7376696182833684
H,52,21200623,4.007333185232471
H,52,21200624,3.784189633918261
H,52,21200625,3.7376696182833684
H,52,21200626,3.6888794541139363
H,52,21200627,3.4339872044851463
H,52,21200628,3.4339872044851463
H,52,21200629,3.6109179126442243
